2026-05-14T00:14:12.508+05:30  WARN 88737 --- [order-service] [AMQP Connection 44.223.162.67:5672] [                                                 ] c.r.c.impl.ForgivingExceptionHandler     : An unexpected connection driver error occurred (Exception message: Connection reset)
2026-05-14T00:14:13.012+05:30  WARN 88737 --- [order-service] [springCloudBus.anonymous.q8XAZZtzTmay1aIzm1Jmww-4] [                                                 ] o.s.a.r.l.SimpleMessageListenerContainer : Consumer raised exception, processing can restart if the connection factory supports it

com.rabbitmq.client.ShutdownSignalException: connection error
	at com.rabbitmq.client.impl.AMQConnection.startShutdown(AMQConnection.java:1007) ~[amqp-client-5.25.0.jar:5.25.0]
	at com.rabbitmq.client.impl.AMQConnection.shutdown(AMQConnection.java:997) ~[amqp-client-5.25.0.jar:5.25.0]
	at com.rabbitmq.client.impl.AMQConnection.handleFailure(AMQConnection.java:801) ~[amqp-client-5.25.0.jar:5.25.0]
	at com.rabbitmq.client.impl.AMQConnection.access$500(AMQConnection.java:48) ~[amqp-client-5.25.0.jar:5.25.0]
	at com.rabbitmq.client.impl.AMQConnection$MainLoop.run(AMQConnection.java:696) ~[amqp-client-5.25.0.jar:5.25.0]
	at java.base/java.lang.Thread.run(Thread.java:1575) ~[na:na]
Caused by: java.net.SocketException: Connection reset
	at java.base/sun.nio.ch.NioSocketImpl.implRead(NioSocketImpl.java:318) ~[na:na]
	at java.base/sun.nio.ch.NioSocketImpl.read(NioSocketImpl.java:346) ~[na:na]
	at java.base/sun.nio.ch.NioSocketImpl$1.read(NioSocketImpl.java:796) ~[na:na]
	at java.base/java.net.Socket$SocketInputStream.implRead(Socket.java:1116) ~[na:na]
	at java.base/java.net.Socket$SocketInputStream.read(Socket.java:1103) ~[na:na]
	at java.base/java.io.BufferedInputStream.fill(BufferedInputStream.java:291) ~[na:na]
	at java.base/java.io.BufferedInputStream.implRead(BufferedInputStream.java:325) ~[na:na]
	at java.base/java.io.BufferedInputStream.read(BufferedInputStream.java:312) ~[na:na]
	at java.base/java.io.DataInputStream.readUnsignedByte(DataInputStream.java:295) ~[na:na]
	at com.rabbitmq.client.impl.Frame.readFrom(Frame.java:91) ~[amqp-client-5.25.0.jar:5.25.0]
	at com.rabbitmq.client.impl.SocketFrameHandler.readFrame(SocketFrameHandler.java:199) ~[amqp-client-5.25.0.jar:5.25.0]
	at com.rabbitmq.client.impl.AMQConnection$MainLoop.run(AMQConnection.java:687) ~[amqp-client-5.25.0.jar:5.25.0]
	... 1 common frames omitted

2026-05-14T00:14:13.030+05:30  INFO 88737 --- [order-service] [springCloudBus.anonymous.q8XAZZtzTmay1aIzm1Jmww-4] [                                                 ] o.s.a.r.l.SimpleMessageListenerContainer : Restarting Consumer@736e171f: tags=[[amq.ctag-1fDbIPKcks_SONb4GgDnKg]], channel=Cached Rabbit Channel: AMQChannel(amqp://yrpyuppa@44.223.162.67:5672/yrpyuppa,1), conn: Proxy@5e3cc41e Shared Rabbit Connection: SimpleConnection@6a93b23 [delegate=amqp://yrpyuppa@44.223.162.67:5672/yrpyuppa, localPort=63658], acknowledgeMode=AUTO local queue size=0
2026-05-14T00:14:13.066+05:30  INFO 88737 --- [order-service] [springCloudBus.anonymous.q8XAZZtzTmay1aIzm1Jmww-5] [                                                 ] o.s.a.r.c.CachingConnectionFactory       : Attempting to connect to: [moose.rmq.cloudamqp.com:5672]
2026-05-14T00:32:01.474+05:30  WARN 88737 --- [order-service] [AMQP Connection 44.223.162.67:5672] [                                                 ] c.r.c.impl.ForgivingExceptionHandler     : An unexpected connection driver error occurred (Exception message: Connection reset)
2026-05-14T00:32:01.580+05:30 ERROR 88737 --- [order-service] [springCloudBus.anonymous.q8XAZZtzTmay1aIzm1Jmww-5] [                                                 ] o.s.a.r.l.SimpleMessageListenerContainer : Consumer received fatal exception on startup

org.springframework.amqp.rabbit.listener.exception.FatalListenerStartupException: Authentication failure
	at org.springframework.amqp.rabbit.listener.BlockingQueueConsumer.start(BlockingQueueConsumer.java:631) ~[spring-rabbit-3.2.10.jar:3.2.10]
	at org.springframework.amqp.rabbit.listener.SimpleMessageListenerContainer$AsyncMessageProcessingConsumer.initialize(SimpleMessageListenerContainer.java:1490) ~[spring-rabbit-3.2.10.jar:3.2.10]
	at org.springframework.amqp.rabbit.listener.SimpleMessageListenerContainer$AsyncMessageProcessingConsumer.run(SimpleMessageListenerContainer.java:1328) ~[spring-rabbit-3.2.10.jar:3.2.10]
	at java.base/java.lang.Thread.run(Thread.java:1575) ~[na:na]
Caused by: org.springframework.amqp.AmqpAuthenticationException: com.rabbitmq.client.PossibleAuthenticationFailureException: Possibly caused by authentication failure
	at org.springframework.amqp.rabbit.support.RabbitExceptionTranslator.convertRabbitAccessException(RabbitExceptionTranslator.java:64) ~[spring-rabbit-3.2.10.jar:3.2.10]
	at org.springframework.amqp.rabbit.connection.AbstractConnectionFactory.createBareConnection(AbstractConnectionFactory.java:632) ~[spring-rabbit-3.2.10.jar:3.2.10]
	at org.springframework.amqp.rabbit.connection.CachingConnectionFactory.createConnection(CachingConnectionFactory.java:729) ~[spring-rabbit-3.2.10.jar:3.2.10]
	at org.springframework.amqp.rabbit.connection.ConnectionFactoryUtils.createConnection(ConnectionFactoryUtils.java:257) ~[spring-rabbit-3.2.10.jar:3.2.10]
	at org.springframework.amqp.rabbit.connection.ConnectionFactoryUtils$RabbitResourceFactory.createConnection(ConnectionFactoryUtils.java:345) ~[spring-rabbit-3.2.10.jar:3.2.10]
	at org.springframework.amqp.rabbit.connection.ConnectionFactoryUtils.doGetTransactionalResourceHolder(ConnectionFactoryUtils.java:140) ~[spring-rabbit-3.2.10.jar:3.2.10]
	at org.springframework.amqp.rabbit.connection.ConnectionFactoryUtils.getTransactionalResourceHolder(ConnectionFactoryUtils.java:102) ~[spring-rabbit-3.2.10.jar:3.2.10]
	at org.springframework.amqp.rabbit.connection.ConnectionFactoryUtils.getTransactionalResourceHolder(ConnectionFactoryUtils.java:85) ~[spring-rabbit-3.2.10.jar:3.2.10]
	at org.springframework.amqp.rabbit.listener.BlockingQueueConsumer.start(BlockingQueueConsumer.java:625) ~[spring-rabbit-3.2.10.jar:3.2.10]
	... 3 common frames omitted
Caused by: com.rabbitmq.client.PossibleAuthenticationFailureException: Possibly caused by authentication failure
	at com.rabbitmq.client.impl.AMQConnection.start(AMQConnection.java:398) ~[amqp-client-5.25.0.jar:5.25.0]
	at com.rabbitmq.client.ConnectionFactory.newConnection(ConnectionFactory.java:1251) ~[amqp-client-5.25.0.jar:5.25.0]
	at com.rabbitmq.client.ConnectionFactory.newConnection(ConnectionFactory.java:1198) ~[amqp-client-5.25.0.jar:5.25.0]
	at org.springframework.amqp.rabbit.connection.AbstractConnectionFactory.connectAddresses(AbstractConnectionFactory.java:678) ~[spring-rabbit-3.2.10.jar:3.2.10]
	at org.springframework.amqp.rabbit.connection.AbstractConnectionFactory.connect(AbstractConnectionFactory.java:647) ~[spring-rabbit-3.2.10.jar:3.2.10]
	at org.springframework.amqp.rabbit.connection.AbstractConnectionFactory.createBareConnection(AbstractConnectionFactory.java:593) ~[spring-rabbit-3.2.10.jar:3.2.10]
	... 10 common frames omitted
Caused by: com.rabbitmq.client.ShutdownSignalException: connection error
	at com.rabbitmq.utility.ValueOrException.getValue(ValueOrException.java:66) ~[amqp-client-5.25.0.jar:5.25.0]
	at com.rabbitmq.utility.BlockingValueOrException.uninterruptibleGetValue(BlockingValueOrException.java:36) ~[amqp-client-5.25.0.jar:5.25.0]
	at com.rabbitmq.client.impl.AMQChannel$BlockingRpcContinuation.getReply(AMQChannel.java:552) ~[amqp-client-5.25.0.jar:5.25.0]
	at com.rabbitmq.client.impl.AMQChannel.privateRpc(AMQChannel.java:353) ~[amqp-client-5.25.0.jar:5.25.0]
	at com.rabbitmq.client.impl.AMQChannel.rpc(AMQChannel.java:298) ~[amqp-client-5.25.0.jar:5.25.0]
	at com.rabbitmq.client.impl.AMQConnection.start(AMQConnection.java:383) ~[amqp-client-5.25.0.jar:5.25.0]
	... 15 common frames omitted
Caused by: java.net.SocketException: Connection reset
	at java.base/sun.nio.ch.NioSocketImpl.implRead(NioSocketImpl.java:318) ~[na:na]
	at java.base/sun.nio.ch.NioSocketImpl.read(NioSocketImpl.java:346) ~[na:na]
	at java.base/sun.nio.ch.NioSocketImpl$1.read(NioSocketImpl.java:796) ~[na:na]
	at java.base/java.net.Socket$SocketInputStream.implRead(Socket.java:1116) ~[na:na]
	at java.base/java.net.Socket$SocketInputStream.read(Socket.java:1103) ~[na:na]
	at java.base/java.io.BufferedInputStream.fill(BufferedInputStream.java:291) ~[na:na]
	at java.base/java.io.BufferedInputStream.implRead(BufferedInputStream.java:325) ~[na:na]
	at java.base/java.io.BufferedInputStream.read(BufferedInputStream.java:312) ~[na:na]
	at java.base/java.io.DataInputStream.readUnsignedByte(DataInputStream.java:295) ~[na:na]
	at com.rabbitmq.client.impl.Frame.readFrom(Frame.java:91) ~[amqp-client-5.25.0.jar:5.25.0]
	at com.rabbitmq.client.impl.SocketFrameHandler.readFrame(SocketFrameHandler.java:199) ~[amqp-client-5.25.0.jar:5.25.0]
	at com.rabbitmq.client.impl.AMQConnection$MainLoop.run(AMQConnection.java:687) ~[amqp-client-5.25.0.jar:5.25.0]
	... 1 common frames omitted

2026-05-14T00:32:01.621+05:30 ERROR 88737 --- [order-service] [springCloudBus.anonymous.q8XAZZtzTmay1aIzm1Jmww-5] [                                                 ] o.s.a.r.l.SimpleMessageListenerContainer : Stopping container from aborted consumer
2026-05-14T00:32:01.637+05:30  INFO 88737 --- [order-service] [springCloudBus.anonymous.q8XAZZtzTmay1aIzm1Jmww-5] [                                                 ] o.s.a.r.l.SimpleMessageListenerContainer : Waiting for workers to finish.
2026-05-14T00:32:01.640+05:30  INFO 88737 --- [order-service] [springCloudBus.anonymous.q8XAZZtzTmay1aIzm1Jmww-5] [                                                 ] o.s.a.r.l.SimpleMessageListenerContainer : Successfully waited for workers to finish.
2026-05-14T00:44:34.054+05:30  WARN 88737 --- [order-service] [HikariPool-1:housekeeper] [                                                 ] com.zaxxer.hikari.pool.HikariPool        : HikariPool-1 - Thread starvation or clock leap detected (housekeeper delta=1h1m15s697ms).
2026-05-14T00:44:36.069+05:30  INFO 88737 --- [order-service] [AsyncResolver-bootstrap-executor-%d] [                                                 ] c.n.d.s.r.aws.ConfigClusterResolver      : Resolving eureka endpoints via configuration
2026-05-14T01:50:06.768+05:30  WARN 88737 --- [order-service] [HikariPool-1:housekeeper] [                                                 ] com.zaxxer.hikari.pool.HikariPool        : HikariPool-1 - Thread starvation or clock leap detected (housekeeper delta=1h5m2s680ms).
2026-05-14T03:32:05.766+05:30  WARN 88737 --- [order-service] [HikariPool-1:housekeeper] [                                                 ] com.zaxxer.hikari.pool.HikariPool        : HikariPool-1 - Thread starvation or clock leap detected (housekeeper delta=1h41m59s1ms).
2026-05-14T04:53:38.303+05:30  WARN 88737 --- [order-service] [HikariPool-1:housekeeper] [                                                 ] com.zaxxer.hikari.pool.HikariPool        : HikariPool-1 - Thread starvation or clock leap detected (housekeeper delta=1h21m32s542ms).
2026-05-14T06:15:32.154+05:30  WARN 88737 --- [order-service] [HikariPool-1:housekeeper] [                                                 ] com.zaxxer.hikari.pool.HikariPool        : HikariPool-1 - Thread starvation or clock leap detected (housekeeper delta=1h21m53s844ms).
2026-05-14T06:15:46.008+05:30  INFO 88737 --- [order-service] [DiscoveryClient-HeartbeatExecutor-%d] [                                                 ] com.netflix.discovery.DiscoveryClient    : DiscoveryClient_ORDER-SERVICE/192.168.1.3:order-service:8083 - Re-registering apps/ORDER-SERVICE
2026-05-14T06:15:46.008+05:30  INFO 88737 --- [order-service] [DiscoveryClient-HeartbeatExecutor-%d] [                                                 ] com.netflix.discovery.DiscoveryClient    : DiscoveryClient_ORDER-SERVICE/192.168.1.3:order-service:8083: registering service...
2026-05-14T06:15:46.036+05:30  INFO 88737 --- [order-service] [DiscoveryClient-HeartbeatExecutor-%d] [                                                 ] com.netflix.discovery.DiscoveryClient    : DiscoveryClient_ORDER-SERVICE/192.168.1.3:order-service:8083 - registration status: 204
2026-05-14T07:04:08.277+05:30  WARN 88737 --- [order-service] [HikariPool-1:housekeeper] [                                                 ] com.zaxxer.hikari.pool.HikariPool        : HikariPool-1 - Thread starvation or clock leap detected (housekeeper delta=47m58s461ms).
2026-05-14T08:10:45.794+05:30  WARN 88737 --- [order-service] [HikariPool-1:housekeeper] [                                                 ] com.zaxxer.hikari.pool.HikariPool        : HikariPool-1 - Thread starvation or clock leap detected (housekeeper delta=1h6m37s523ms).
2026-05-14T08:31:25.131+05:30  WARN 88737 --- [order-service] [HikariPool-1:housekeeper] [                                                 ] com.zaxxer.hikari.pool.HikariPool        : HikariPool-1 - Thread starvation or clock leap detected (housekeeper delta=20m9s325ms).
2026-05-14T08:31:26.818+05:30  INFO 88737 --- [order-service] [AsyncResolver-bootstrap-executor-%d] [                                                 ] c.n.d.s.r.aws.ConfigClusterResolver      : Resolving eureka endpoints via configuration
2026-05-14T09:53:29.317+05:30  WARN 88737 --- [order-service] [HikariPool-1:housekeeper] [                                                 ] com.zaxxer.hikari.pool.HikariPool        : HikariPool-1 - Thread starvation or clock leap detected (housekeeper delta=1h21m34s177ms).
2026-05-14T10:32:29.094+05:30  WARN 88737 --- [order-service] [HikariPool-1:housekeeper] [                                                 ] com.zaxxer.hikari.pool.HikariPool        : HikariPool-1 - Thread starvation or clock leap detected (housekeeper delta=38m59s777ms).
2026-05-14T11:29:36.938+05:30  WARN 88737 --- [order-service] [HikariPool-1:housekeeper] [                                                 ] com.zaxxer.hikari.pool.HikariPool        : HikariPool-1 - Thread starvation or clock leap detected (housekeeper delta=56m37s832ms).
2026-05-14T11:33:38.473+05:30  WARN 88737 --- [order-service] [HikariPool-1:housekeeper] [                                                 ] com.zaxxer.hikari.pool.HikariPool        : HikariPool-1 - Thread starvation or clock leap detected (housekeeper delta=3m31s496ms).
2026-05-14T11:50:48.336+05:30  WARN 88737 --- [order-service] [HikariPool-1:housekeeper] [                                                 ] com.zaxxer.hikari.pool.HikariPool        : HikariPool-1 - Thread starvation or clock leap detected (housekeeper delta=16m39s837ms).
2026-05-14T12:06:42.806+05:30  WARN 88737 --- [order-service] [HikariPool-1:housekeeper] [                                                 ] com.zaxxer.hikari.pool.HikariPool        : HikariPool-1 - Thread starvation or clock leap detected (housekeeper delta=15m54s473ms).
2026-05-14T12:06:44.377+05:30  INFO 88737 --- [order-service] [AsyncResolver-bootstrap-executor-%d] [                                                 ] c.n.d.s.r.aws.ConfigClusterResolver      : Resolving eureka endpoints via configuration
2026-05-14T12:11:25.682+05:30  WARN 88737 --- [order-service] [HikariPool-1:housekeeper] [                                                 ] com.zaxxer.hikari.pool.HikariPool        : HikariPool-1 - Thread starvation or clock leap detected (housekeeper delta=3m42s856ms).
2026-05-14T12:16:39.446+05:30  WARN 88737 --- [order-service] [HikariPool-1:housekeeper] [                                                 ] com.zaxxer.hikari.pool.HikariPool        : HikariPool-1 - Thread starvation or clock leap detected (housekeeper delta=5m13s766ms).
2026-05-14T12:22:26.940+05:30  WARN 88737 --- [order-service] [HikariPool-1:housekeeper] [                                                 ] com.zaxxer.hikari.pool.HikariPool        : HikariPool-1 - Thread starvation or clock leap detected (housekeeper delta=5m17s475ms).
2026-05-14T12:26:00.316+05:30  WARN 88737 --- [order-service] [HikariPool-1:housekeeper] [                                                 ] com.zaxxer.hikari.pool.HikariPool        : HikariPool-1 - Thread starvation or clock leap detected (housekeeper delta=3m32s851ms).
2026-05-14T12:27:31.237+05:30  INFO 88737 --- [order-service] [AsyncResolver-bootstrap-executor-%d] [                                                 ] c.n.d.s.r.aws.ConfigClusterResolver      : Resolving eureka endpoints via configuration
2026-05-14T12:46:07.591+05:30  WARN 88737 --- [order-service] [HikariPool-1:housekeeper] [                                                 ] com.zaxxer.hikari.pool.HikariPool        : HikariPool-1 - Thread starvation or clock leap detected (housekeeper delta=15m37s170ms).
2026-05-14T13:00:51.787+05:30  WARN 88737 --- [order-service] [HikariPool-1:housekeeper] [                                                 ] com.zaxxer.hikari.pool.HikariPool        : HikariPool-1 - Thread starvation or clock leap detected (housekeeper delta=14m44s207ms).
2026-05-14T13:01:52.587+05:30  INFO 88737 --- [order-service] [AsyncResolver-bootstrap-executor-%d] [                                                 ] c.n.d.s.r.aws.ConfigClusterResolver      : Resolving eureka endpoints via configuration
2026-05-14T13:06:52.622+05:30  INFO 88737 --- [order-service] [AsyncResolver-bootstrap-executor-%d] [                                                 ] c.n.d.s.r.aws.ConfigClusterResolver      : Resolving eureka endpoints via configuration
2026-05-14T13:11:52.664+05:30  INFO 88737 --- [order-service] [AsyncResolver-bootstrap-executor-%d] [                                                 ] c.n.d.s.r.aws.ConfigClusterResolver      : Resolving eureka endpoints via configuration
2026-05-14T13:13:02.448+05:30  WARN 88737 --- [order-service] [AsyncReporter{ZipkinHttpClientSender{http://localhost:9411/api/v2/spans}}] [                                                 ] z.r.i.AsyncReporter$BoundedAsyncReporter : Spans were dropped due to exceptions. All subsequent errors will be logged at FINE level.
2026-05-14T13:13:02.453+05:30  WARN 88737 --- [order-service] [AsyncReporter{ZipkinHttpClientSender{http://localhost:9411/api/v2/spans}}] [                                                 ] z.r.i.AsyncReporter$BoundedAsyncReporter : Dropped 2 spans due to ConnectException()

java.net.ConnectException
	at java.net.http/jdk.internal.net.http.HttpClientImpl.send(HttpClientImpl.java:956) ~[java.net.http:na]
	at java.net.http/jdk.internal.net.http.HttpClientFacade.send(HttpClientFacade.java:133) ~[java.net.http:na]
	at org.springframework.boot.actuate.autoconfigure.tracing.zipkin.ZipkinHttpClientSender.postSpans(ZipkinHttpClientSender.java:60) ~[spring-boot-actuator-autoconfigure-3.5.14.jar:3.5.14]
	at org.springframework.boot.actuate.autoconfigure.tracing.zipkin.HttpSender.postSpans(HttpSender.java:69) ~[spring-boot-actuator-autoconfigure-3.5.14.jar:3.5.14]
	at org.springframework.boot.actuate.autoconfigure.tracing.zipkin.HttpSender.postSpans(HttpSender.java:41) ~[spring-boot-actuator-autoconfigure-3.5.14.jar:3.5.14]
	at zipkin2.reporter.BaseHttpSender.send(BaseHttpSender.java:123) ~[zipkin-reporter-3.5.3.jar:na]
	at zipkin2.reporter.internal.AsyncReporter$BoundedAsyncReporter.flush(AsyncReporter.java:266) ~[zipkin-reporter-3.5.3.jar:na]
	at zipkin2.reporter.internal.AsyncReporter$Flusher.run(AsyncReporter.java:352) ~[zipkin-reporter-3.5.3.jar:na]
	at java.base/java.lang.Thread.run(Thread.java:1575) ~[na:na]
Caused by: java.net.ConnectException
	at java.net.http/jdk.internal.net.http.common.Utils.toConnectException(Utils.java:1069) ~[java.net.http:na]
	at java.net.http/jdk.internal.net.http.PlainHttpConnection.connectAsync(PlainHttpConnection.java:227) ~[java.net.http:na]
	at java.net.http/jdk.internal.net.http.PlainHttpConnection.checkRetryConnect(PlainHttpConnection.java:280) ~[java.net.http:na]
	at java.net.http/jdk.internal.net.http.PlainHttpConnection.lambda$connectAsync$2(PlainHttpConnection.java:238) ~[java.net.http:na]
	at java.base/java.util.concurrent.CompletableFuture.uniHandle(CompletableFuture.java:978) ~[na:na]
	at java.base/java.util.concurrent.CompletableFuture$UniHandle.tryFire(CompletableFuture.java:955) ~[na:na]
	at java.base/java.util.concurrent.CompletableFuture.postComplete(CompletableFuture.java:554) ~[na:na]
	at java.base/java.util.concurrent.CompletableFuture$AsyncSupply.run(CompletableFuture.java:1817) ~[na:na]
	at java.base/java.util.concurrent.ThreadPoolExecutor.runWorker(ThreadPoolExecutor.java:1144) ~[na:na]
	at java.base/java.util.concurrent.ThreadPoolExecutor$Worker.run(ThreadPoolExecutor.java:642) ~[na:na]
	... 1 common frames omitted
Caused by: java.nio.channels.ClosedChannelException
	at java.base/sun.nio.ch.SocketChannelImpl.ensureOpen(SocketChannelImpl.java:204) ~[na:na]
	at java.base/sun.nio.ch.SocketChannelImpl.connect(SocketChannelImpl.java:958) ~[na:na]
	at java.net.http/jdk.internal.net.http.PlainHttpConnection.lambda$connectAsync$1(PlainHttpConnection.java:210) ~[java.net.http:na]
	at java.base/java.security.AccessController.doPrivileged(AccessController.java:571) ~[na:na]
	at java.net.http/jdk.internal.net.http.PlainHttpConnection.connectAsync(PlainHttpConnection.java:212) ~[java.net.http:na]
	... 9 common frames omitted

2026-05-14T13:16:52.703+05:30  INFO 88737 --- [order-service] [AsyncResolver-bootstrap-executor-%d] [                                                 ] c.n.d.s.r.aws.ConfigClusterResolver      : Resolving eureka endpoints via configuration
2026-05-14T13:21:52.722+05:30  INFO 88737 --- [order-service] [AsyncResolver-bootstrap-executor-%d] [                                                 ] c.n.d.s.r.aws.ConfigClusterResolver      : Resolving eureka endpoints via configuration
2026-05-14T13:26:52.733+05:30  INFO 88737 --- [order-service] [AsyncResolver-bootstrap-executor-%d] [                                                 ] c.n.d.s.r.aws.ConfigClusterResolver      : Resolving eureka endpoints via configuration
2026-05-14T13:31:52.748+05:30  INFO 88737 --- [order-service] [AsyncResolver-bootstrap-executor-%d] [                                                 ] c.n.d.s.r.aws.ConfigClusterResolver      : Resolving eureka endpoints via configuration
2026-05-14T13:36:52.770+05:30  INFO 88737 --- [order-service] [AsyncResolver-bootstrap-executor-%d] [                                                 ] c.n.d.s.r.aws.ConfigClusterResolver      : Resolving eureka endpoints via configuration
2026-05-14T13:41:52.781+05:30  INFO 88737 --- [order-service] [AsyncResolver-bootstrap-executor-%d] [                                                 ] c.n.d.s.r.aws.ConfigClusterResolver      : Resolving eureka endpoints via configuration
2026-05-14T13:46:52.805+05:30  INFO 88737 --- [order-service] [AsyncResolver-bootstrap-executor-%d] [                                                 ] c.n.d.s.r.aws.ConfigClusterResolver      : Resolving eureka endpoints via configuration
2026-05-14T13:51:52.828+05:30  INFO 88737 --- [order-service] [AsyncResolver-bootstrap-executor-%d] [                                                 ] c.n.d.s.r.aws.ConfigClusterResolver      : Resolving eureka endpoints via configuration
2026-05-14T13:56:52.862+05:30  INFO 88737 --- [order-service] [AsyncResolver-bootstrap-executor-%d] [                                                 ] c.n.d.s.r.aws.ConfigClusterResolver      : Resolving eureka endpoints via configuration
2026-05-14T14:01:52.881+05:30  INFO 88737 --- [order-service] [AsyncResolver-bootstrap-executor-%d] [                                                 ] c.n.d.s.r.aws.ConfigClusterResolver      : Resolving eureka endpoints via configuration
2026-05-14T14:04:47.833+05:30  INFO 88737 --- [order-service] [SpringApplicationShutdownHook] [                                                 ] o.s.c.n.e.s.EurekaServiceRegistry        : Unregistering application ORDER-SERVICE with eureka with status DOWN
2026-05-14T14:04:47.841+05:30  INFO 88737 --- [order-service] [SpringApplicationShutdownHook] [                                                 ] com.netflix.discovery.DiscoveryClient    : Saw local status change event StatusChangeEvent [timestamp=1778747687840, current=DOWN, previous=UP]
2026-05-14T14:04:47.848+05:30  INFO 88737 --- [order-service] [DiscoveryClient-InstanceInfoReplicator-%d] [                                                 ] com.netflix.discovery.DiscoveryClient    : DiscoveryClient_ORDER-SERVICE/192.168.1.3:order-service:8083: registering service...
2026-05-14T14:04:48.307+05:30  INFO 88737 --- [order-service] [DiscoveryClient-InstanceInfoReplicator-%d] [                                                 ] c.n.d.s.t.d.RedirectingEurekaHttpClient  : Request execution error. endpoint=DefaultEndpoint{ serviceUrl='http://localhost:8761/eureka/} exception=I/O error on POST request for "http://localhost:8761/eureka/apps/ORDER-SERVICE": Connect to http://localhost:8761 failed: Connection refused

org.springframework.web.client.ResourceAccessException: I/O error on POST request for "http://localhost:8761/eureka/apps/ORDER-SERVICE": Connect to http://localhost:8761 failed: Connection refused
	at org.springframework.web.client.RestTemplate.createResourceAccessException(RestTemplate.java:926) ~[spring-web-6.2.18.jar:6.2.18]
	at org.springframework.web.client.RestTemplate.doExecute(RestTemplate.java:906) ~[spring-web-6.2.18.jar:6.2.18]
	at org.springframework.web.client.RestTemplate.execute(RestTemplate.java:841) ~[spring-web-6.2.18.jar:6.2.18]
	at org.springframework.web.client.RestTemplate.exchange(RestTemplate.java:702) ~[spring-web-6.2.18.jar:6.2.18]
	at org.springframework.cloud.netflix.eureka.http.RestTemplateEurekaHttpClient.register(RestTemplateEurekaHttpClient.java:87) ~[spring-cloud-netflix-eureka-client-4.3.2.jar:4.3.2]
	at com.netflix.discovery.shared.transport.decorator.EurekaHttpClientDecorator$1.execute(EurekaHttpClientDecorator.java:59) ~[eureka-client-2.0.6.jar:2.0.6]
	at com.netflix.discovery.shared.transport.decorator.RedirectingEurekaHttpClient.execute(RedirectingEurekaHttpClient.java:90) ~[eureka-client-2.0.6.jar:2.0.6]
	at com.netflix.discovery.shared.transport.decorator.EurekaHttpClientDecorator.register(EurekaHttpClientDecorator.java:56) ~[eureka-client-2.0.6.jar:2.0.6]
	at com.netflix.discovery.shared.transport.decorator.EurekaHttpClientDecorator$1.execute(EurekaHttpClientDecorator.java:59) ~[eureka-client-2.0.6.jar:2.0.6]
	at com.netflix.discovery.shared.transport.decorator.RetryableEurekaHttpClient.execute(RetryableEurekaHttpClient.java:120) ~[eureka-client-2.0.6.jar:2.0.6]
	at com.netflix.discovery.shared.transport.decorator.EurekaHttpClientDecorator.register(EurekaHttpClientDecorator.java:56) ~[eureka-client-2.0.6.jar:2.0.6]
	at com.netflix.discovery.shared.transport.decorator.EurekaHttpClientDecorator$1.execute(EurekaHttpClientDecorator.java:59) ~[eureka-client-2.0.6.jar:2.0.6]
	at com.netflix.discovery.shared.transport.decorator.SessionedEurekaHttpClient.execute(SessionedEurekaHttpClient.java:76) ~[eureka-client-2.0.6.jar:2.0.6]
	at com.netflix.discovery.shared.transport.decorator.EurekaHttpClientDecorator.register(EurekaHttpClientDecorator.java:56) ~[eureka-client-2.0.6.jar:2.0.6]
	at com.netflix.discovery.DiscoveryClient.register(DiscoveryClient.java:843) ~[eureka-client-2.0.6.jar:2.0.6]
	at com.netflix.discovery.InstanceInfoReplicator.run(InstanceInfoReplicator.java:125) ~[eureka-client-2.0.6.jar:2.0.6]
	at com.netflix.discovery.InstanceInfoReplicator$2.run(InstanceInfoReplicator.java:105) ~[eureka-client-2.0.6.jar:2.0.6]
	at java.base/java.util.concurrent.Executors$RunnableAdapter.call(Executors.java:572) ~[na:na]
	at java.base/java.util.concurrent.FutureTask.run(FutureTask.java:317) ~[na:na]
	at java.base/java.util.concurrent.ScheduledThreadPoolExecutor$ScheduledFutureTask.run(ScheduledThreadPoolExecutor.java:304) ~[na:na]
	at java.base/java.util.concurrent.ThreadPoolExecutor.runWorker(ThreadPoolExecutor.java:1144) ~[na:na]
	at java.base/java.util.concurrent.ThreadPoolExecutor$Worker.run(ThreadPoolExecutor.java:642) ~[na:na]
	at java.base/java.lang.Thread.run(Thread.java:1575) ~[na:na]
Caused by: org.apache.hc.client5.http.HttpHostConnectException: Connect to http://localhost:8761 failed: Connection refused
	at java.base/sun.nio.ch.Net.pollConnect(Native Method) ~[na:na]
	at java.base/sun.nio.ch.Net.pollConnectNow(Net.java:682) ~[na:na]
	at java.base/sun.nio.ch.NioSocketImpl.timedFinishConnect(NioSocketImpl.java:549) ~[na:na]
	at java.base/sun.nio.ch.NioSocketImpl.connect(NioSocketImpl.java:592) ~[na:na]
	at java.base/java.net.SocksSocketImpl.connect(SocksSocketImpl.java:327) ~[na:na]
	at java.base/java.net.Socket.connect(Socket.java:760) ~[na:na]
	at org.apache.hc.client5.http.impl.io.DefaultHttpClientConnectionOperator.connect(DefaultHttpClientConnectionOperator.java:226) ~[httpclient5-5.5.2.jar:5.5.2]
	at org.apache.hc.client5.http.impl.io.PoolingHttpClientConnectionManager.connect(PoolingHttpClientConnectionManager.java:497) ~[httpclient5-5.5.2.jar:5.5.2]
	at org.apache.hc.client5.http.impl.classic.InternalExecRuntime.connectEndpoint(InternalExecRuntime.java:164) ~[httpclient5-5.5.2.jar:5.5.2]
	at org.apache.hc.client5.http.impl.classic.InternalExecRuntime.connectEndpoint(InternalExecRuntime.java:174) ~[httpclient5-5.5.2.jar:5.5.2]
	at org.apache.hc.client5.http.impl.classic.ConnectExec.execute(ConnectExec.java:144) ~[httpclient5-5.5.2.jar:5.5.2]
	at org.apache.hc.client5.http.impl.classic.ExecChainElement.execute(ExecChainElement.java:51) ~[httpclient5-5.5.2.jar:5.5.2]
	at org.apache.hc.client5.http.impl.classic.ProtocolExec.execute(ProtocolExec.java:195) ~[httpclient5-5.5.2.jar:5.5.2]
	at org.apache.hc.client5.http.impl.classic.ExecChainElement.execute(ExecChainElement.java:51) ~[httpclient5-5.5.2.jar:5.5.2]
	at org.apache.hc.client5.http.impl.classic.ContentCompressionExec.execute(ContentCompressionExec.java:168) ~[httpclient5-5.5.2.jar:5.5.2]
	at org.apache.hc.client5.http.impl.classic.ExecChainElement.execute(ExecChainElement.java:51) ~[httpclient5-5.5.2.jar:5.5.2]
	at org.apache.hc.client5.http.impl.classic.HttpRequestRetryExec.execute(HttpRequestRetryExec.java:112) ~[httpclient5-5.5.2.jar:5.5.2]
	at org.apache.hc.client5.http.impl.classic.ExecChainElement.execute(ExecChainElement.java:51) ~[httpclient5-5.5.2.jar:5.5.2]
	at org.apache.hc.client5.http.impl.classic.RedirectExec.execute(RedirectExec.java:110) ~[httpclient5-5.5.2.jar:5.5.2]
	at org.apache.hc.client5.http.impl.classic.ExecChainElement.execute(ExecChainElement.java:51) ~[httpclient5-5.5.2.jar:5.5.2]
	at org.apache.hc.client5.http.impl.classic.InternalHttpClient.doExecute(InternalHttpClient.java:185) ~[httpclient5-5.5.2.jar:5.5.2]
	at org.apache.hc.client5.http.impl.classic.CloseableHttpClient.execute(CloseableHttpClient.java:87) ~[httpclient5-5.5.2.jar:5.5.2]
	at org.apache.hc.client5.http.impl.classic.CloseableHttpClient.execute(CloseableHttpClient.java:55) ~[httpclient5-5.5.2.jar:5.5.2]
	at org.apache.hc.client5.http.classic.HttpClient.executeOpen(HttpClient.java:183) ~[httpclient5-5.5.2.jar:5.5.2]
	at org.springframework.http.client.HttpComponentsClientHttpRequest.executeInternal(HttpComponentsClientHttpRequest.java:99) ~[spring-web-6.2.18.jar:6.2.18]
	at org.springframework.http.client.AbstractStreamingClientHttpRequest.executeInternal(AbstractStreamingClientHttpRequest.java:88) ~[spring-web-6.2.18.jar:6.2.18]
	at org.springframework.http.client.AbstractClientHttpRequest.execute(AbstractClientHttpRequest.java:81) ~[spring-web-6.2.18.jar:6.2.18]
	at org.springframework.http.client.InterceptingClientHttpRequest$InterceptingRequestExecution.execute(InterceptingClientHttpRequest.java:117) ~[spring-web-6.2.18.jar:6.2.18]
	at org.springframework.cloud.netflix.eureka.http.RestTemplateTransportClientFactory.lambda$restTemplate$2(RestTemplateTransportClientFactory.java:145) ~[spring-cloud-netflix-eureka-client-4.3.2.jar:4.3.2]
	at org.springframework.http.client.InterceptingClientHttpRequest$InterceptingRequestExecution.execute(InterceptingClientHttpRequest.java:88) ~[spring-web-6.2.18.jar:6.2.18]
	at org.springframework.http.client.InterceptingClientHttpRequest.executeInternal(InterceptingClientHttpRequest.java:72) ~[spring-web-6.2.18.jar:6.2.18]
	at org.springframework.http.client.AbstractBufferingClientHttpRequest.executeInternal(AbstractBufferingClientHttpRequest.java:48) ~[spring-web-6.2.18.jar:6.2.18]
	at org.springframework.http.client.AbstractClientHttpRequest.execute(AbstractClientHttpRequest.java:81) ~[spring-web-6.2.18.jar:6.2.18]
	at org.springframework.web.client.RestTemplate.doExecute(RestTemplate.java:900) ~[spring-web-6.2.18.jar:6.2.18]
	... 21 common frames omitted

2026-05-14T14:04:48.373+05:30  WARN 88737 --- [order-service] [DiscoveryClient-InstanceInfoReplicator-%d] [                                                 ] c.n.d.s.t.d.RetryableEurekaHttpClient    : Request execution failed with message: I/O error on POST request for "http://localhost:8761/eureka/apps/ORDER-SERVICE": Connect to http://localhost:8761 failed: Connection refused
2026-05-14T14:04:48.385+05:30  INFO 88737 --- [order-service] [SpringApplicationShutdownHook] [                                                 ] o.s.b.w.e.tomcat.GracefulShutdown        : Commencing graceful shutdown. Waiting for active requests to complete
2026-05-14T14:04:48.430+05:30  INFO 88737 --- [order-service] [DiscoveryClient-InstanceInfoReplicator-%d] [                                                 ] c.n.d.s.t.d.RedirectingEurekaHttpClient  : Request execution error. endpoint=DefaultEndpoint{ serviceUrl='http://localhost:8761/eureka/}, exception=I/O error on POST request for "http://localhost:8761/eureka/apps/ORDER-SERVICE": Connect to http://localhost:8761 failed: Connection refused

org.springframework.web.client.ResourceAccessException: I/O error on POST request for "http://localhost:8761/eureka/apps/ORDER-SERVICE": Connect to http://localhost:8761 failed: Connection refused
	at org.springframework.web.client.RestTemplate.createResourceAccessException(RestTemplate.java:926) ~[spring-web-6.2.18.jar:6.2.18]
	at org.springframework.web.client.RestTemplate.doExecute(RestTemplate.java:906) ~[spring-web-6.2.18.jar:6.2.18]
	at org.springframework.web.client.RestTemplate.execute(RestTemplate.java:841) ~[spring-web-6.2.18.jar:6.2.18]
	at org.springframework.web.client.RestTemplate.exchange(RestTemplate.java:702) ~[spring-web-6.2.18.jar:6.2.18]
	at org.springframework.cloud.netflix.eureka.http.RestTemplateEurekaHttpClient.register(RestTemplateEurekaHttpClient.java:87) ~[spring-cloud-netflix-eureka-client-4.3.2.jar:4.3.2]
	at com.netflix.discovery.shared.transport.decorator.EurekaHttpClientDecorator$1.execute(EurekaHttpClientDecorator.java:59) ~[eureka-client-2.0.6.jar:2.0.6]
	at com.netflix.discovery.shared.transport.decorator.RedirectingEurekaHttpClient.executeOnNewServer(RedirectingEurekaHttpClient.java:120) ~[eureka-client-2.0.6.jar:2.0.6]
	at com.netflix.discovery.shared.transport.decorator.RedirectingEurekaHttpClient.execute(RedirectingEurekaHttpClient.java:79) ~[eureka-client-2.0.6.jar:2.0.6]
	at com.netflix.discovery.shared.transport.decorator.EurekaHttpClientDecorator.register(EurekaHttpClientDecorator.java:56) ~[eureka-client-2.0.6.jar:2.0.6]
	at com.netflix.discovery.shared.transport.decorator.EurekaHttpClientDecorator$1.execute(EurekaHttpClientDecorator.java:59) ~[eureka-client-2.0.6.jar:2.0.6]
	at com.netflix.discovery.shared.transport.decorator.RetryableEurekaHttpClient.execute(RetryableEurekaHttpClient.java:120) ~[eureka-client-2.0.6.jar:2.0.6]
	at com.netflix.discovery.shared.transport.decorator.EurekaHttpClientDecorator.register(EurekaHttpClientDecorator.java:56) ~[eureka-client-2.0.6.jar:2.0.6]
	at com.netflix.discovery.shared.transport.decorator.EurekaHttpClientDecorator$1.execute(EurekaHttpClientDecorator.java:59) ~[eureka-client-2.0.6.jar:2.0.6]
	at com.netflix.discovery.shared.transport.decorator.SessionedEurekaHttpClient.execute(SessionedEurekaHttpClient.java:76) ~[eureka-client-2.0.6.jar:2.0.6]
	at com.netflix.discovery.shared.transport.decorator.EurekaHttpClientDecorator.register(EurekaHttpClientDecorator.java:56) ~[eureka-client-2.0.6.jar:2.0.6]
	at com.netflix.discovery.DiscoveryClient.register(DiscoveryClient.java:843) ~[eureka-client-2.0.6.jar:2.0.6]
	at com.netflix.discovery.InstanceInfoReplicator.run(InstanceInfoReplicator.java:125) ~[eureka-client-2.0.6.jar:2.0.6]
	at com.netflix.discovery.InstanceInfoReplicator$2.run(InstanceInfoReplicator.java:105) ~[eureka-client-2.0.6.jar:2.0.6]
	at java.base/java.util.concurrent.Executors$RunnableAdapter.call(Executors.java:572) ~[na:na]
	at java.base/java.util.concurrent.FutureTask.run(FutureTask.java:317) ~[na:na]
	at java.base/java.util.concurrent.ScheduledThreadPoolExecutor$ScheduledFutureTask.run(ScheduledThreadPoolExecutor.java:304) ~[na:na]
	at java.base/java.util.concurrent.ThreadPoolExecutor.runWorker(ThreadPoolExecutor.java:1144) ~[na:na]
	at java.base/java.util.concurrent.ThreadPoolExecutor$Worker.run(ThreadPoolExecutor.java:642) ~[na:na]
	at java.base/java.lang.Thread.run(Thread.java:1575) ~[na:na]
Caused by: org.apache.hc.client5.http.HttpHostConnectException: Connect to http://localhost:8761 failed: Connection refused
	at java.base/sun.nio.ch.Net.pollConnect(Native Method) ~[na:na]
	at java.base/sun.nio.ch.Net.pollConnectNow(Net.java:682) ~[na:na]
	at java.base/sun.nio.ch.NioSocketImpl.timedFinishConnect(NioSocketImpl.java:549) ~[na:na]
	at java.base/sun.nio.ch.NioSocketImpl.connect(NioSocketImpl.java:592) ~[na:na]
	at java.base/java.net.SocksSocketImpl.connect(SocksSocketImpl.java:327) ~[na:na]
	at java.base/java.net.Socket.connect(Socket.java:760) ~[na:na]
	at org.apache.hc.client5.http.impl.io.DefaultHttpClientConnectionOperator.connect(DefaultHttpClientConnectionOperator.java:226) ~[httpclient5-5.5.2.jar:5.5.2]
	at org.apache.hc.client5.http.impl.io.PoolingHttpClientConnectionManager.connect(PoolingHttpClientConnectionManager.java:497) ~[httpclient5-5.5.2.jar:5.5.2]
	at org.apache.hc.client5.http.impl.classic.InternalExecRuntime.connectEndpoint(InternalExecRuntime.java:164) ~[httpclient5-5.5.2.jar:5.5.2]
	at org.apache.hc.client5.http.impl.classic.InternalExecRuntime.connectEndpoint(InternalExecRuntime.java:174) ~[httpclient5-5.5.2.jar:5.5.2]
	at org.apache.hc.client5.http.impl.classic.ConnectExec.execute(ConnectExec.java:144) ~[httpclient5-5.5.2.jar:5.5.2]
	at org.apache.hc.client5.http.impl.classic.ExecChainElement.execute(ExecChainElement.java:51) ~[httpclient5-5.5.2.jar:5.5.2]
	at org.apache.hc.client5.http.impl.classic.ProtocolExec.execute(ProtocolExec.java:195) ~[httpclient5-5.5.2.jar:5.5.2]
	at org.apache.hc.client5.http.impl.classic.ExecChainElement.execute(ExecChainElement.java:51) ~[httpclient5-5.5.2.jar:5.5.2]
	at org.apache.hc.client5.http.impl.classic.ContentCompressionExec.execute(ContentCompressionExec.java:168) ~[httpclient5-5.5.2.jar:5.5.2]
	at org.apache.hc.client5.http.impl.classic.ExecChainElement.execute(ExecChainElement.java:51) ~[httpclient5-5.5.2.jar:5.5.2]
	at org.apache.hc.client5.http.impl.classic.HttpRequestRetryExec.execute(HttpRequestRetryExec.java:112) ~[httpclient5-5.5.2.jar:5.5.2]
	at org.apache.hc.client5.http.impl.classic.ExecChainElement.execute(ExecChainElement.java:51) ~[httpclient5-5.5.2.jar:5.5.2]
	at org.apache.hc.client5.http.impl.classic.RedirectExec.execute(RedirectExec.java:110) ~[httpclient5-5.5.2.jar:5.5.2]
	at org.apache.hc.client5.http.impl.classic.ExecChainElement.execute(ExecChainElement.java:51) ~[httpclient5-5.5.2.jar:5.5.2]
	at org.apache.hc.client5.http.impl.classic.InternalHttpClient.doExecute(InternalHttpClient.java:185) ~[httpclient5-5.5.2.jar:5.5.2]
	at org.apache.hc.client5.http.impl.classic.CloseableHttpClient.execute(CloseableHttpClient.java:87) ~[httpclient5-5.5.2.jar:5.5.2]
	at org.apache.hc.client5.http.impl.classic.CloseableHttpClient.execute(CloseableHttpClient.java:55) ~[httpclient5-5.5.2.jar:5.5.2]
	at org.apache.hc.client5.http.classic.HttpClient.executeOpen(HttpClient.java:183) ~[httpclient5-5.5.2.jar:5.5.2]
	at org.springframework.http.client.HttpComponentsClientHttpRequest.executeInternal(HttpComponentsClientHttpRequest.java:99) ~[spring-web-6.2.18.jar:6.2.18]
	at org.springframework.http.client.AbstractStreamingClientHttpRequest.executeInternal(AbstractStreamingClientHttpRequest.java:88) ~[spring-web-6.2.18.jar:6.2.18]
	at org.springframework.http.client.AbstractClientHttpRequest.execute(AbstractClientHttpRequest.java:81) ~[spring-web-6.2.18.jar:6.2.18]
	at org.springframework.http.client.InterceptingClientHttpRequest$InterceptingRequestExecution.execute(InterceptingClientHttpRequest.java:117) ~[spring-web-6.2.18.jar:6.2.18]
	at org.springframework.cloud.netflix.eureka.http.RestTemplateTransportClientFactory.lambda$restTemplate$2(RestTemplateTransportClientFactory.java:145) ~[spring-cloud-netflix-eureka-client-4.3.2.jar:4.3.2]
	at org.springframework.http.client.InterceptingClientHttpRequest$InterceptingRequestExecution.execute(InterceptingClientHttpRequest.java:88) ~[spring-web-6.2.18.jar:6.2.18]
	at org.springframework.http.client.InterceptingClientHttpRequest.executeInternal(InterceptingClientHttpRequest.java:72) ~[spring-web-6.2.18.jar:6.2.18]
	at org.springframework.http.client.AbstractBufferingClientHttpRequest.executeInternal(AbstractBufferingClientHttpRequest.java:48) ~[spring-web-6.2.18.jar:6.2.18]
	at org.springframework.http.client.AbstractClientHttpRequest.execute(AbstractClientHttpRequest.java:81) ~[spring-web-6.2.18.jar:6.2.18]
	at org.springframework.web.client.RestTemplate.doExecute(RestTemplate.java:900) ~[spring-web-6.2.18.jar:6.2.18]
	... 22 common frames omitted

2026-05-14T14:04:48.437+05:30  WARN 88737 --- [order-service] [DiscoveryClient-InstanceInfoReplicator-%d] [                                                 ] c.n.d.s.t.d.RetryableEurekaHttpClient    : Request execution failed with message: I/O error on POST request for "http://localhost:8761/eureka/apps/ORDER-SERVICE": Connect to http://localhost:8761 failed: Connection refused
2026-05-14T14:04:48.453+05:30  INFO 88737 --- [order-service] [tomcat-shutdown] [                                                 ] o.s.b.w.e.tomcat.GracefulShutdown        : Graceful shutdown complete
2026-05-14T14:04:48.450+05:30  WARN 88737 --- [order-service] [DiscoveryClient-InstanceInfoReplicator-%d] [                                                 ] com.netflix.discovery.DiscoveryClient    : DiscoveryClient_ORDER-SERVICE/192.168.1.3:order-service:8083 - registration failed Cannot execute request on any known server

com.netflix.discovery.shared.transport.TransportException: Cannot execute request on any known server
	at com.netflix.discovery.shared.transport.decorator.RetryableEurekaHttpClient.execute(RetryableEurekaHttpClient.java:112) ~[eureka-client-2.0.6.jar:2.0.6]
	at com.netflix.discovery.shared.transport.decorator.EurekaHttpClientDecorator.register(EurekaHttpClientDecorator.java:56) ~[eureka-client-2.0.6.jar:2.0.6]
	at com.netflix.discovery.shared.transport.decorator.EurekaHttpClientDecorator$1.execute(EurekaHttpClientDecorator.java:59) ~[eureka-client-2.0.6.jar:2.0.6]
	at com.netflix.discovery.shared.transport.decorator.SessionedEurekaHttpClient.execute(SessionedEurekaHttpClient.java:76) ~[eureka-client-2.0.6.jar:2.0.6]
	at com.netflix.discovery.shared.transport.decorator.EurekaHttpClientDecorator.register(EurekaHttpClientDecorator.java:56) ~[eureka-client-2.0.6.jar:2.0.6]
	at com.netflix.discovery.DiscoveryClient.register(DiscoveryClient.java:843) ~[eureka-client-2.0.6.jar:2.0.6]
	at com.netflix.discovery.InstanceInfoReplicator.run(InstanceInfoReplicator.java:125) ~[eureka-client-2.0.6.jar:2.0.6]
	at com.netflix.discovery.InstanceInfoReplicator$2.run(InstanceInfoReplicator.java:105) ~[eureka-client-2.0.6.jar:2.0.6]
	at java.base/java.util.concurrent.Executors$RunnableAdapter.call(Executors.java:572) ~[na:na]
	at java.base/java.util.concurrent.FutureTask.run(FutureTask.java:317) ~[na:na]
	at java.base/java.util.concurrent.ScheduledThreadPoolExecutor$ScheduledFutureTask.run(ScheduledThreadPoolExecutor.java:304) ~[na:na]
	at java.base/java.util.concurrent.ThreadPoolExecutor.runWorker(ThreadPoolExecutor.java:1144) ~[na:na]
	at java.base/java.util.concurrent.ThreadPoolExecutor$Worker.run(ThreadPoolExecutor.java:642) ~[na:na]
	at java.base/java.lang.Thread.run(Thread.java:1575) ~[na:na]

2026-05-14T14:04:48.454+05:30  WARN 88737 --- [order-service] [DiscoveryClient-InstanceInfoReplicator-%d] [                                                 ] c.n.discovery.InstanceInfoReplicator     : There was a problem with the instance info replicator

com.netflix.discovery.shared.transport.TransportException: Cannot execute request on any known server
	at com.netflix.discovery.shared.transport.decorator.RetryableEurekaHttpClient.execute(RetryableEurekaHttpClient.java:112) ~[eureka-client-2.0.6.jar:2.0.6]
	at com.netflix.discovery.shared.transport.decorator.EurekaHttpClientDecorator.register(EurekaHttpClientDecorator.java:56) ~[eureka-client-2.0.6.jar:2.0.6]
	at com.netflix.discovery.shared.transport.decorator.EurekaHttpClientDecorator$1.execute(EurekaHttpClientDecorator.java:59) ~[eureka-client-2.0.6.jar:2.0.6]
	at com.netflix.discovery.shared.transport.decorator.SessionedEurekaHttpClient.execute(SessionedEurekaHttpClient.java:76) ~[eureka-client-2.0.6.jar:2.0.6]
	at com.netflix.discovery.shared.transport.decorator.EurekaHttpClientDecorator.register(EurekaHttpClientDecorator.java:56) ~[eureka-client-2.0.6.jar:2.0.6]
	at com.netflix.discovery.DiscoveryClient.register(DiscoveryClient.java:843) ~[eureka-client-2.0.6.jar:2.0.6]
	at com.netflix.discovery.InstanceInfoReplicator.run(InstanceInfoReplicator.java:125) ~[eureka-client-2.0.6.jar:2.0.6]
	at com.netflix.discovery.InstanceInfoReplicator$2.run(InstanceInfoReplicator.java:105) ~[eureka-client-2.0.6.jar:2.0.6]
	at java.base/java.util.concurrent.Executors$RunnableAdapter.call(Executors.java:572) ~[na:na]
	at java.base/java.util.concurrent.FutureTask.run(FutureTask.java:317) ~[na:na]
	at java.base/java.util.concurrent.ScheduledThreadPoolExecutor$ScheduledFutureTask.run(ScheduledThreadPoolExecutor.java:304) ~[na:na]
	at java.base/java.util.concurrent.ThreadPoolExecutor.runWorker(ThreadPoolExecutor.java:1144) ~[na:na]
	at java.base/java.util.concurrent.ThreadPoolExecutor$Worker.run(ThreadPoolExecutor.java:642) ~[na:na]
	at java.base/java.lang.Thread.run(Thread.java:1575) ~[na:na]

2026-05-14T14:04:48.556+05:30  INFO 88737 --- [order-service] [SpringApplicationShutdownHook] [                                                 ] o.s.i.a.i.AmqpInboundChannelAdapter      : stopped bean 'inbound.springCloudBus.anonymous.q8XAZZtzTmay1aIzm1Jmww'
2026-05-14T14:04:48.625+05:30  INFO 88737 --- [order-service] [SpringApplicationShutdownHook] [                                                 ] o.s.c.stream.binder.BinderErrorChannel   : Channel 'order-service.rabbit-599594742.springCloudBusInput.errors' has 1 subscriber(s).
2026-05-14T14:04:48.636+05:30  INFO 88737 --- [order-service] [SpringApplicationShutdownHook] [                                                 ] o.s.c.stream.binder.BinderErrorChannel   : Channel 'order-service.rabbit-599594742.springCloudBusInput.errors' has 0 subscriber(s).
2026-05-14T14:04:48.899+05:30  INFO 88737 --- [order-service] [SpringApplicationShutdownHook] [                                                 ] o.s.i.endpoint.EventDrivenConsumer       : Removing {logging-channel-adapter:_org.springframework.integration.errorLogger} as a subscriber to the 'errorChannel' channel
2026-05-14T14:04:48.899+05:30  INFO 88737 --- [order-service] [SpringApplicationShutdownHook] [                                                 ] o.s.i.channel.PublishSubscribeChannel    : Channel 'order-service.errorChannel' has 0 subscriber(s).
2026-05-14T14:04:48.903+05:30  INFO 88737 --- [order-service] [SpringApplicationShutdownHook] [                                                 ] o.s.i.endpoint.EventDrivenConsumer       : stopped bean '_org.springframework.integration.errorLogger'
2026-05-14T14:04:49.090+05:30  INFO 88737 --- [order-service] [SpringApplicationShutdownHook] [                                                 ] j.LocalContainerEntityManagerFactoryBean : Closing JPA EntityManagerFactory for persistence unit 'default'
2026-05-14T14:04:49.261+05:30  INFO 88737 --- [order-service] [SpringApplicationShutdownHook] [                                                 ] com.zaxxer.hikari.HikariDataSource       : HikariPool-1 - Shutdown initiated...
2026-05-14T14:04:49.276+05:30  INFO 88737 --- [order-service] [SpringApplicationShutdownHook] [                                                 ] com.zaxxer.hikari.HikariDataSource       : HikariPool-1 - Shutdown completed.
2026-05-14T14:04:49.924+05:30  INFO 88737 --- [order-service] [SpringApplicationShutdownHook] [                                                 ] com.netflix.discovery.DiscoveryClient    : Shutting down DiscoveryClient ...
2026-05-14T14:04:52.932+05:30  INFO 88737 --- [order-service] [SpringApplicationShutdownHook] [                                                 ] com.netflix.discovery.DiscoveryClient    : Unregistering ...
2026-05-14T14:04:52.995+05:30  INFO 88737 --- [order-service] [SpringApplicationShutdownHook] [                                                 ] c.n.d.s.t.d.RedirectingEurekaHttpClient  : Request execution error. endpoint=DefaultEndpoint{ serviceUrl='http://localhost:8761/eureka/}, exception=I/O error on DELETE request for "http://localhost:8761/eureka/apps/ORDER-SERVICE/192.168.1.3:order-service:8083": Connect to http://localhost:8761 failed: Connection refused

org.springframework.web.client.ResourceAccessException: I/O error on DELETE request for "http://localhost:8761/eureka/apps/ORDER-SERVICE/192.168.1.3:order-service:8083": Connect to http://localhost:8761 failed: Connection refused
	at org.springframework.web.client.RestTemplate.createResourceAccessException(RestTemplate.java:926) ~[spring-web-6.2.18.jar:6.2.18]
	at org.springframework.web.client.RestTemplate.doExecute(RestTemplate.java:906) ~[spring-web-6.2.18.jar:6.2.18]
	at org.springframework.web.client.RestTemplate.execute(RestTemplate.java:841) ~[spring-web-6.2.18.jar:6.2.18]
	at org.springframework.web.client.RestTemplate.exchange(RestTemplate.java:702) ~[spring-web-6.2.18.jar:6.2.18]
	at org.springframework.cloud.netflix.eureka.http.RestTemplateEurekaHttpClient.cancel(RestTemplateEurekaHttpClient.java:100) ~[spring-cloud-netflix-eureka-client-4.3.2.jar:4.3.2]
	at com.netflix.discovery.shared.transport.decorator.EurekaHttpClientDecorator$2.execute(EurekaHttpClientDecorator.java:74) ~[eureka-client-2.0.6.jar:2.0.6]
	at com.netflix.discovery.shared.transport.decorator.RedirectingEurekaHttpClient.executeOnNewServer(RedirectingEurekaHttpClient.java:120) ~[eureka-client-2.0.6.jar:2.0.6]
	at com.netflix.discovery.shared.transport.decorator.RedirectingEurekaHttpClient.execute(RedirectingEurekaHttpClient.java:79) ~[eureka-client-2.0.6.jar:2.0.6]
	at com.netflix.discovery.shared.transport.decorator.EurekaHttpClientDecorator.cancel(EurekaHttpClientDecorator.java:71) ~[eureka-client-2.0.6.jar:2.0.6]
	at com.netflix.discovery.shared.transport.decorator.EurekaHttpClientDecorator$2.execute(EurekaHttpClientDecorator.java:74) ~[eureka-client-2.0.6.jar:2.0.6]
	at com.netflix.discovery.shared.transport.decorator.RetryableEurekaHttpClient.execute(RetryableEurekaHttpClient.java:120) ~[eureka-client-2.0.6.jar:2.0.6]
	at com.netflix.discovery.shared.transport.decorator.EurekaHttpClientDecorator.cancel(EurekaHttpClientDecorator.java:71) ~[eureka-client-2.0.6.jar:2.0.6]
	at com.netflix.discovery.shared.transport.decorator.EurekaHttpClientDecorator$2.execute(EurekaHttpClientDecorator.java:74) ~[eureka-client-2.0.6.jar:2.0.6]
	at com.netflix.discovery.shared.transport.decorator.SessionedEurekaHttpClient.execute(SessionedEurekaHttpClient.java:76) ~[eureka-client-2.0.6.jar:2.0.6]
	at com.netflix.discovery.shared.transport.decorator.EurekaHttpClientDecorator.cancel(EurekaHttpClientDecorator.java:71) ~[eureka-client-2.0.6.jar:2.0.6]
	at com.netflix.discovery.DiscoveryClient.unregister(DiscoveryClient.java:934) ~[eureka-client-2.0.6.jar:2.0.6]
	at com.netflix.discovery.DiscoveryClient.shutdown(DiscoveryClient.java:915) ~[eureka-client-2.0.6.jar:2.0.6]
	at java.base/jdk.internal.reflect.DirectMethodHandleAccessor.invoke(DirectMethodHandleAccessor.java:103) ~[na:na]
	at java.base/java.lang.reflect.Method.invoke(Method.java:580) ~[na:na]
	at org.springframework.beans.factory.annotation.InitDestroyAnnotationBeanPostProcessor$LifecycleMethod.invoke(InitDestroyAnnotationBeanPostProcessor.java:457) ~[spring-beans-6.2.18.jar:6.2.18]
	at org.springframework.beans.factory.annotation.InitDestroyAnnotationBeanPostProcessor$LifecycleMetadata.invokeDestroyMethods(InitDestroyAnnotationBeanPostProcessor.java:415) ~[spring-beans-6.2.18.jar:6.2.18]
	at org.springframework.beans.factory.annotation.InitDestroyAnnotationBeanPostProcessor.postProcessBeforeDestruction(InitDestroyAnnotationBeanPostProcessor.java:239) ~[spring-beans-6.2.18.jar:6.2.18]
	at org.springframework.beans.factory.support.DisposableBeanAdapter.destroy(DisposableBeanAdapter.java:203) ~[spring-beans-6.2.18.jar:6.2.18]
	at org.springframework.beans.factory.support.DisposableBeanAdapter.run(DisposableBeanAdapter.java:196) ~[spring-beans-6.2.18.jar:6.2.18]
	at org.springframework.cloud.context.scope.GenericScope$BeanLifecycleWrapper.destroy(GenericScope.java:387) ~[spring-cloud-context-4.3.2.jar:4.3.2]
	at org.springframework.cloud.context.scope.GenericScope.destroy(GenericScope.java:134) ~[spring-cloud-context-4.3.2.jar:4.3.2]
	at org.springframework.beans.factory.support.DisposableBeanAdapter.destroy(DisposableBeanAdapter.java:212) ~[spring-beans-6.2.18.jar:6.2.18]
	at org.springframework.beans.factory.support.DefaultSingletonBeanRegistry.destroyBean(DefaultSingletonBeanRegistry.java:798) ~[spring-beans-6.2.18.jar:6.2.18]
	at org.springframework.beans.factory.support.DefaultSingletonBeanRegistry.destroySingleton(DefaultSingletonBeanRegistry.java:748) ~[spring-beans-6.2.18.jar:6.2.18]
	at org.springframework.beans.factory.support.DefaultListableBeanFactory.destroySingleton(DefaultListableBeanFactory.java:1499) ~[spring-beans-6.2.18.jar:6.2.18]
	at org.springframework.beans.factory.support.DefaultSingletonBeanRegistry.destroySingletons(DefaultSingletonBeanRegistry.java:707) ~[spring-beans-6.2.18.jar:6.2.18]
	at org.springframework.beans.factory.support.DefaultListableBeanFactory.destroySingletons(DefaultListableBeanFactory.java:1492) ~[spring-beans-6.2.18.jar:6.2.18]
	at org.springframework.context.support.AbstractApplicationContext.destroyBeans(AbstractApplicationContext.java:1243) ~[spring-context-6.2.18.jar:6.2.18]
	at org.springframework.context.support.AbstractApplicationContext.doClose(AbstractApplicationContext.java:1204) ~[spring-context-6.2.18.jar:6.2.18]
	at org.springframework.boot.web.servlet.context.ServletWebServerApplicationContext.doClose(ServletWebServerApplicationContext.java:179) ~[spring-boot-3.5.14.jar:3.5.14]
	at org.springframework.context.support.AbstractApplicationContext.close(AbstractApplicationContext.java:1150) ~[spring-context-6.2.18.jar:6.2.18]
	at org.springframework.boot.SpringApplicationShutdownHook.closeAndWait(SpringApplicationShutdownHook.java:147) ~[spring-boot-3.5.14.jar:3.5.14]
	at java.base/java.lang.Iterable.forEach(Iterable.java:75) ~[na:na]
	at org.springframework.boot.SpringApplicationShutdownHook.run(SpringApplicationShutdownHook.java:116) ~[spring-boot-3.5.14.jar:3.5.14]
	at java.base/java.lang.Thread.run(Thread.java:1575) ~[na:na]
Caused by: org.apache.hc.client5.http.HttpHostConnectException: Connect to http://localhost:8761 failed: Connection refused
	at java.base/sun.nio.ch.Net.pollConnect(Native Method) ~[na:na]
	at java.base/sun.nio.ch.Net.pollConnectNow(Net.java:682) ~[na:na]
	at java.base/sun.nio.ch.NioSocketImpl.timedFinishConnect(NioSocketImpl.java:549) ~[na:na]
	at java.base/sun.nio.ch.NioSocketImpl.connect(NioSocketImpl.java:592) ~[na:na]
	at java.base/java.net.SocksSocketImpl.connect(SocksSocketImpl.java:327) ~[na:na]
	at java.base/java.net.Socket.connect(Socket.java:760) ~[na:na]
	at org.apache.hc.client5.http.impl.io.DefaultHttpClientConnectionOperator.connect(DefaultHttpClientConnectionOperator.java:226) ~[httpclient5-5.5.2.jar:5.5.2]
	at org.apache.hc.client5.http.impl.io.PoolingHttpClientConnectionManager.connect(PoolingHttpClientConnectionManager.java:497) ~[httpclient5-5.5.2.jar:5.5.2]
	at org.apache.hc.client5.http.impl.classic.InternalExecRuntime.connectEndpoint(InternalExecRuntime.java:164) ~[httpclient5-5.5.2.jar:5.5.2]
	at org.apache.hc.client5.http.impl.classic.InternalExecRuntime.connectEndpoint(InternalExecRuntime.java:174) ~[httpclient5-5.5.2.jar:5.5.2]
	at org.apache.hc.client5.http.impl.classic.ConnectExec.execute(ConnectExec.java:144) ~[httpclient5-5.5.2.jar:5.5.2]
	at org.apache.hc.client5.http.impl.classic.ExecChainElement.execute(ExecChainElement.java:51) ~[httpclient5-5.5.2.jar:5.5.2]
	at org.apache.hc.client5.http.impl.classic.ProtocolExec.execute(ProtocolExec.java:195) ~[httpclient5-5.5.2.jar:5.5.2]
	at org.apache.hc.client5.http.impl.classic.ExecChainElement.execute(ExecChainElement.java:51) ~[httpclient5-5.5.2.jar:5.5.2]
	at org.apache.hc.client5.http.impl.classic.ContentCompressionExec.execute(ContentCompressionExec.java:168) ~[httpclient5-5.5.2.jar:5.5.2]
	at org.apache.hc.client5.http.impl.classic.ExecChainElement.execute(ExecChainElement.java:51) ~[httpclient5-5.5.2.jar:5.5.2]
	at org.apache.hc.client5.http.impl.classic.HttpRequestRetryExec.execute(HttpRequestRetryExec.java:112) ~[httpclient5-5.5.2.jar:5.5.2]
	at org.apache.hc.client5.http.impl.classic.ExecChainElement.execute(ExecChainElement.java:51) ~[httpclient5-5.5.2.jar:5.5.2]
	at org.apache.hc.client5.http.impl.classic.RedirectExec.execute(RedirectExec.java:110) ~[httpclient5-5.5.2.jar:5.5.2]
	at org.apache.hc.client5.http.impl.classic.ExecChainElement.execute(ExecChainElement.java:51) ~[httpclient5-5.5.2.jar:5.5.2]
	at org.apache.hc.client5.http.impl.classic.InternalHttpClient.doExecute(InternalHttpClient.java:185) ~[httpclient5-5.5.2.jar:5.5.2]
	at org.apache.hc.client5.http.impl.classic.CloseableHttpClient.execute(CloseableHttpClient.java:87) ~[httpclient5-5.5.2.jar:5.5.2]
	at org.apache.hc.client5.http.impl.classic.CloseableHttpClient.execute(CloseableHttpClient.java:55) ~[httpclient5-5.5.2.jar:5.5.2]
	at org.apache.hc.client5.http.classic.HttpClient.executeOpen(HttpClient.java:183) ~[httpclient5-5.5.2.jar:5.5.2]
	at org.springframework.http.client.HttpComponentsClientHttpRequest.executeInternal(HttpComponentsClientHttpRequest.java:99) ~[spring-web-6.2.18.jar:6.2.18]
	at org.springframework.http.client.AbstractStreamingClientHttpRequest.executeInternal(AbstractStreamingClientHttpRequest.java:88) ~[spring-web-6.2.18.jar:6.2.18]
	at org.springframework.http.client.AbstractClientHttpRequest.execute(AbstractClientHttpRequest.java:81) ~[spring-web-6.2.18.jar:6.2.18]
	at org.springframework.http.client.InterceptingClientHttpRequest$InterceptingRequestExecution.execute(InterceptingClientHttpRequest.java:117) ~[spring-web-6.2.18.jar:6.2.18]
	at org.springframework.cloud.netflix.eureka.http.RestTemplateTransportClientFactory.lambda$restTemplate$2(RestTemplateTransportClientFactory.java:145) ~[spring-cloud-netflix-eureka-client-4.3.2.jar:4.3.2]
	at org.springframework.http.client.InterceptingClientHttpRequest$InterceptingRequestExecution.execute(InterceptingClientHttpRequest.java:88) ~[spring-web-6.2.18.jar:6.2.18]
	at org.springframework.http.client.InterceptingClientHttpRequest.executeInternal(InterceptingClientHttpRequest.java:72) ~[spring-web-6.2.18.jar:6.2.18]
	at org.springframework.http.client.AbstractBufferingClientHttpRequest.executeInternal(AbstractBufferingClientHttpRequest.java:48) ~[spring-web-6.2.18.jar:6.2.18]
	at org.springframework.http.client.AbstractClientHttpRequest.execute(AbstractClientHttpRequest.java:81) ~[spring-web-6.2.18.jar:6.2.18]
	at org.springframework.web.client.RestTemplate.doExecute(RestTemplate.java:900) ~[spring-web-6.2.18.jar:6.2.18]
	... 38 common frames omitted

2026-05-14T14:04:53.008+05:30  WARN 88737 --- [order-service] [SpringApplicationShutdownHook] [                                                 ] c.n.d.s.t.d.RetryableEurekaHttpClient    : Request execution failed with message: I/O error on DELETE request for "http://localhost:8761/eureka/apps/ORDER-SERVICE/192.168.1.3:order-service:8083": Connect to http://localhost:8761 failed: Connection refused
2026-05-14T14:04:53.008+05:30 ERROR 88737 --- [order-service] [SpringApplicationShutdownHook] [                                                 ] com.netflix.discovery.DiscoveryClient    : DiscoveryClient_ORDER-SERVICE/192.168.1.3:order-service:8083 - de-registration failedCannot execute request on any known server

com.netflix.discovery.shared.transport.TransportException: Cannot execute request on any known server
	at com.netflix.discovery.shared.transport.decorator.RetryableEurekaHttpClient.execute(RetryableEurekaHttpClient.java:112) ~[eureka-client-2.0.6.jar:2.0.6]
	at com.netflix.discovery.shared.transport.decorator.EurekaHttpClientDecorator.cancel(EurekaHttpClientDecorator.java:71) ~[eureka-client-2.0.6.jar:2.0.6]
	at com.netflix.discovery.shared.transport.decorator.EurekaHttpClientDecorator$2.execute(EurekaHttpClientDecorator.java:74) ~[eureka-client-2.0.6.jar:2.0.6]
	at com.netflix.discovery.shared.transport.decorator.SessionedEurekaHttpClient.execute(SessionedEurekaHttpClient.java:76) ~[eureka-client-2.0.6.jar:2.0.6]
	at com.netflix.discovery.shared.transport.decorator.EurekaHttpClientDecorator.cancel(EurekaHttpClientDecorator.java:71) ~[eureka-client-2.0.6.jar:2.0.6]
	at com.netflix.discovery.DiscoveryClient.unregister(DiscoveryClient.java:934) ~[eureka-client-2.0.6.jar:2.0.6]
	at com.netflix.discovery.DiscoveryClient.shutdown(DiscoveryClient.java:915) ~[eureka-client-2.0.6.jar:2.0.6]
	at java.base/jdk.internal.reflect.DirectMethodHandleAccessor.invoke(DirectMethodHandleAccessor.java:103) ~[na:na]
	at java.base/java.lang.reflect.Method.invoke(Method.java:580) ~[na:na]
	at org.springframework.beans.factory.annotation.InitDestroyAnnotationBeanPostProcessor$LifecycleMethod.invoke(InitDestroyAnnotationBeanPostProcessor.java:457) ~[spring-beans-6.2.18.jar:6.2.18]
	at org.springframework.beans.factory.annotation.InitDestroyAnnotationBeanPostProcessor$LifecycleMetadata.invokeDestroyMethods(InitDestroyAnnotationBeanPostProcessor.java:415) ~[spring-beans-6.2.18.jar:6.2.18]
	at org.springframework.beans.factory.annotation.InitDestroyAnnotationBeanPostProcessor.postProcessBeforeDestruction(InitDestroyAnnotationBeanPostProcessor.java:239) ~[spring-beans-6.2.18.jar:6.2.18]
	at org.springframework.beans.factory.support.DisposableBeanAdapter.destroy(DisposableBeanAdapter.java:203) ~[spring-beans-6.2.18.jar:6.2.18]
	at org.springframework.beans.factory.support.DisposableBeanAdapter.run(DisposableBeanAdapter.java:196) ~[spring-beans-6.2.18.jar:6.2.18]
	at org.springframework.cloud.context.scope.GenericScope$BeanLifecycleWrapper.destroy(GenericScope.java:387) ~[spring-cloud-context-4.3.2.jar:4.3.2]
	at org.springframework.cloud.context.scope.GenericScope.destroy(GenericScope.java:134) ~[spring-cloud-context-4.3.2.jar:4.3.2]
	at org.springframework.beans.factory.support.DisposableBeanAdapter.destroy(DisposableBeanAdapter.java:212) ~[spring-beans-6.2.18.jar:6.2.18]
	at org.springframework.beans.factory.support.DefaultSingletonBeanRegistry.destroyBean(DefaultSingletonBeanRegistry.java:798) ~[spring-beans-6.2.18.jar:6.2.18]
	at org.springframework.beans.factory.support.DefaultSingletonBeanRegistry.destroySingleton(DefaultSingletonBeanRegistry.java:748) ~[spring-beans-6.2.18.jar:6.2.18]
	at org.springframework.beans.factory.support.DefaultListableBeanFactory.destroySingleton(DefaultListableBeanFactory.java:1499) ~[spring-beans-6.2.18.jar:6.2.18]
	at org.springframework.beans.factory.support.DefaultSingletonBeanRegistry.destroySingletons(DefaultSingletonBeanRegistry.java:707) ~[spring-beans-6.2.18.jar:6.2.18]
	at org.springframework.beans.factory.support.DefaultListableBeanFactory.destroySingletons(DefaultListableBeanFactory.java:1492) ~[spring-beans-6.2.18.jar:6.2.18]
	at org.springframework.context.support.AbstractApplicationContext.destroyBeans(AbstractApplicationContext.java:1243) ~[spring-context-6.2.18.jar:6.2.18]
	at org.springframework.context.support.AbstractApplicationContext.doClose(AbstractApplicationContext.java:1204) ~[spring-context-6.2.18.jar:6.2.18]
	at org.springframework.boot.web.servlet.context.ServletWebServerApplicationContext.doClose(ServletWebServerApplicationContext.java:179) ~[spring-boot-3.5.14.jar:3.5.14]
	at org.springframework.context.support.AbstractApplicationContext.close(AbstractApplicationContext.java:1150) ~[spring-context-6.2.18.jar:6.2.18]
	at org.springframework.boot.SpringApplicationShutdownHook.closeAndWait(SpringApplicationShutdownHook.java:147) ~[spring-boot-3.5.14.jar:3.5.14]
	at java.base/java.lang.Iterable.forEach(Iterable.java:75) ~[na:na]
	at org.springframework.boot.SpringApplicationShutdownHook.run(SpringApplicationShutdownHook.java:116) ~[spring-boot-3.5.14.jar:3.5.14]
	at java.base/java.lang.Thread.run(Thread.java:1575) ~[na:na]

2026-05-14T14:04:53.013+05:30  INFO 88737 --- [order-service] [SpringApplicationShutdownHook] [                                                 ] com.netflix.discovery.DiscoveryClient    : Completed shut down of DiscoveryClient
2026-05-14T16:35:52.070+05:30  INFO 93613 --- [order-service] [main] [                                                 ] com.ecommerce.order.OrderApplication     : Starting OrderApplication using Java 23 with PID 93613 (/Users/kumar/Springboot/Microservices/ecom-microservices/order/target/classes started by kumar in /Users/kumar/Springboot/Microservices/ecom-microservices)
2026-05-14T16:35:52.071+05:30  INFO 93613 --- [order-service] [main] [                                                 ] com.ecommerce.order.OrderApplication     : No active profile set, falling back to 1 default profile: "default"
2026-05-14T16:35:52.088+05:30  INFO 93613 --- [order-service] [main] [                                                 ] o.s.c.c.c.ConfigServerConfigDataLoader   : Fetching config from server at : http://localhost:8888
2026-05-14T16:35:52.088+05:30  INFO 93613 --- [order-service] [main] [                                                 ] o.s.c.c.c.ConfigServerConfigDataLoader   : Located environment: name=order-service, profiles=[default], label=null, version=null, state=null
2026-05-14T16:35:52.585+05:30  INFO 93613 --- [order-service] [main] [                                                 ] .s.d.r.c.RepositoryConfigurationDelegate : Bootstrapping Spring Data JPA repositories in DEFAULT mode.
2026-05-14T16:35:52.640+05:30  INFO 93613 --- [order-service] [main] [                                                 ] .s.d.r.c.RepositoryConfigurationDelegate : Finished Spring Data repository scanning in 51 ms. Found 2 JPA repository interfaces.
2026-05-14T16:35:52.717+05:30  INFO 93613 --- [order-service] [main] [                                                 ] faultConfiguringBeanFactoryPostProcessor : No bean named 'errorChannel' has been explicitly defined. Therefore, a default PublishSubscribeChannel will be created.
2026-05-14T16:35:52.721+05:30  INFO 93613 --- [order-service] [main] [                                                 ] faultConfiguringBeanFactoryPostProcessor : No bean named 'integrationHeaderChannelRegistry' has been explicitly defined. Therefore, a default DefaultHeaderChannelRegistry will be created.
2026-05-14T16:35:52.802+05:30  INFO 93613 --- [order-service] [main] [                                                 ] o.s.cloud.context.scope.GenericScope     : BeanFactory id=f4413ffd-a7d1-39ac-8ce6-dc5e51e816a5
2026-05-14T16:35:53.139+05:30  INFO 93613 --- [order-service] [main] [                                                 ] o.s.b.w.embedded.tomcat.TomcatWebServer  : Tomcat initialized with port 8083 (http)
2026-05-14T16:35:53.145+05:30  INFO 93613 --- [order-service] [main] [                                                 ] o.apache.catalina.core.StandardService   : Starting service [Tomcat]
2026-05-14T16:35:53.145+05:30  INFO 93613 --- [order-service] [main] [                                                 ] o.apache.catalina.core.StandardEngine    : Starting Servlet engine: [Apache Tomcat/10.1.54]
2026-05-14T16:35:53.166+05:30  INFO 93613 --- [order-service] [main] [                                                 ] o.a.c.c.C.[Tomcat].[localhost].[/]       : Initializing Spring embedded WebApplicationContext
2026-05-14T16:35:53.166+05:30  INFO 93613 --- [order-service] [main] [                                                 ] w.s.c.ServletWebServerApplicationContext : Root WebApplicationContext: initialization completed in 1077 ms
2026-05-14T16:35:53.511+05:30  INFO 93613 --- [order-service] [main] [                                                 ] o.hibernate.jpa.internal.util.LogHelper  : HHH000204: Processing PersistenceUnitInfo [name: default]
2026-05-14T16:35:53.539+05:30  INFO 93613 --- [order-service] [main] [                                                 ] org.hibernate.Version                    : HHH000412: Hibernate ORM core version 6.6.49.Final
2026-05-14T16:35:53.553+05:30  INFO 93613 --- [order-service] [main] [                                                 ] o.h.c.internal.RegionFactoryInitiator    : HHH000026: Second-level cache disabled
2026-05-14T16:35:53.662+05:30  INFO 93613 --- [order-service] [main] [                                                 ] o.s.o.j.p.SpringPersistenceUnitInfo      : No LoadTimeWeaver setup: ignoring JPA class transformer
2026-05-14T16:35:53.675+05:30  INFO 93613 --- [order-service] [main] [                                                 ] com.zaxxer.hikari.HikariDataSource       : HikariPool-1 - Starting...
2026-05-14T16:35:53.797+05:30  INFO 93613 --- [order-service] [main] [                                                 ] com.zaxxer.hikari.pool.HikariPool        : HikariPool-1 - Added connection org.postgresql.jdbc.PgConnection@57596d71
2026-05-14T16:35:53.797+05:30  INFO 93613 --- [order-service] [main] [                                                 ] com.zaxxer.hikari.HikariDataSource       : HikariPool-1 - Start completed.
2026-05-14T16:35:53.863+05:30  WARN 93613 --- [order-service] [main] [                                                 ] org.hibernate.orm.deprecation            : HHH90000025: PostgreSQLDialect does not need to be specified explicitly using 'hibernate.dialect' (remove the property setting and it will be selected by default)
2026-05-14T16:35:53.874+05:30  INFO 93613 --- [order-service] [main] [                                                 ] org.hibernate.orm.connections.pooling    : HHH10001005: Database info:
	Database JDBC URL [Connecting through datasource 'HikariDataSource (HikariPool-1)']
	Database driver: undefined/unknown
	Database version: 14.22
	Autocommit mode: undefined/unknown
	Isolation level: undefined/unknown
	Minimum pool size: undefined/unknown
	Maximum pool size: undefined/unknown
2026-05-14T16:35:54.372+05:30  INFO 93613 --- [order-service] [main] [                                                 ] o.h.e.t.j.p.i.JtaPlatformInitiator       : HHH000489: No JTA platform available (set 'hibernate.transaction.jta.platform' to enable JTA platform integration)
2026-05-14T16:35:54.886+05:30  INFO 93613 --- [order-service] [main] [                                                 ] j.LocalContainerEntityManagerFactoryBean : Initialized JPA EntityManagerFactory for persistence unit 'default'
2026-05-14T16:35:55.511+05:30  WARN 93613 --- [order-service] [main] [                                                 ] JpaBaseConfiguration$JpaWebConfiguration : spring.jpa.open-in-view is enabled by default. Therefore, database queries may be performed during view rendering. Explicitly configure spring.jpa.open-in-view to disable this warning
2026-05-14T16:35:56.292+05:30  INFO 93613 --- [order-service] [main] [                                                 ] DiscoveryClientOptionalArgsConfiguration : Eureka HTTP Client uses RestTemplate.
2026-05-14T16:35:56.350+05:30  WARN 93613 --- [order-service] [main] [                                                 ] iguration$LoadBalancerCaffeineWarnLogger : Spring Cloud LoadBalancer is currently working with the default cache. While this cache implementation is useful for development and tests, it's recommended to use Caffeine cache in production.You can switch to using Caffeine cache, by adding it and org.springframework.cache.caffeine.CaffeineCacheManager to the classpath.
2026-05-14T16:35:56.359+05:30  INFO 93613 --- [order-service] [main] [                                                 ] o.s.b.a.e.web.EndpointLinksResolver      : Exposing 32 endpoints beneath base path '/actuator'
2026-05-14T16:35:56.483+05:30  INFO 93613 --- [order-service] [main] [                                                 ] figuration$IntegrationJmxConfiguration$1 : Registering MessageChannel errorChannel
2026-05-14T16:35:56.486+05:30  INFO 93613 --- [order-service] [main] [                                                 ] figuration$IntegrationJmxConfiguration$1 : Registering MessageChannel nullChannel
2026-05-14T16:35:56.491+05:30  INFO 93613 --- [order-service] [main] [                                                 ] figuration$IntegrationJmxConfiguration$1 : Registering MessageHandler _org.springframework.integration.errorLogger
2026-05-14T16:35:56.497+05:30  INFO 93613 --- [order-service] [main] [                                                 ] o.s.i.endpoint.EventDrivenConsumer       : Adding {logging-channel-adapter:_org.springframework.integration.errorLogger} as a subscriber to the 'errorChannel' channel
2026-05-14T16:35:56.497+05:30  INFO 93613 --- [order-service] [main] [                                                 ] o.s.i.channel.PublishSubscribeChannel    : Channel 'order-service.errorChannel' has 1 subscriber(s).
2026-05-14T16:35:56.497+05:30  INFO 93613 --- [order-service] [main] [                                                 ] o.s.i.endpoint.EventDrivenConsumer       : started bean '_org.springframework.integration.errorLogger'
2026-05-14T16:35:56.532+05:30  INFO 93613 --- [order-service] [main] [                                                 ] o.s.c.n.eureka.InstanceInfoFactory       : Setting initial instance status as: STARTING
2026-05-14T16:35:56.596+05:30  INFO 93613 --- [order-service] [main] [                                                 ] com.netflix.discovery.DiscoveryClient    : Initializing Eureka in region us-east-1
2026-05-14T16:35:56.598+05:30  INFO 93613 --- [order-service] [main] [                                                 ] c.n.d.s.r.aws.ConfigClusterResolver      : Resolving eureka endpoints via configuration
2026-05-14T16:35:56.602+05:30  INFO 93613 --- [order-service] [main] [                                                 ] com.netflix.discovery.DiscoveryClient    : Disable delta property : false
2026-05-14T16:35:56.602+05:30  INFO 93613 --- [order-service] [main] [                                                 ] com.netflix.discovery.DiscoveryClient    : Single vip registry refresh property : null
2026-05-14T16:35:56.602+05:30  INFO 93613 --- [order-service] [main] [                                                 ] com.netflix.discovery.DiscoveryClient    : Force full registry fetch : false
2026-05-14T16:35:56.602+05:30  INFO 93613 --- [order-service] [main] [                                                 ] com.netflix.discovery.DiscoveryClient    : Application is null : false
2026-05-14T16:35:56.602+05:30  INFO 93613 --- [order-service] [main] [                                                 ] com.netflix.discovery.DiscoveryClient    : Registered Applications size is zero : true
2026-05-14T16:35:56.602+05:30  INFO 93613 --- [order-service] [main] [                                                 ] com.netflix.discovery.DiscoveryClient    : Application version is -1: true
2026-05-14T16:35:56.602+05:30  INFO 93613 --- [order-service] [main] [                                                 ] com.netflix.discovery.DiscoveryClient    : Getting all instance registry info from the eureka server
2026-05-14T16:35:56.687+05:30  INFO 93613 --- [order-service] [main] [                                                 ] com.netflix.discovery.DiscoveryClient    : The response status is 200
2026-05-14T16:35:56.689+05:30  INFO 93613 --- [order-service] [main] [                                                 ] com.netflix.discovery.DiscoveryClient    : Starting heartbeat executor: renew interval is: 30
2026-05-14T16:35:56.690+05:30  INFO 93613 --- [order-service] [main] [                                                 ] c.n.discovery.InstanceInfoReplicator     : InstanceInfoReplicator onDemand update allowed rate per min is 4
2026-05-14T16:35:56.690+05:30  INFO 93613 --- [order-service] [main] [                                                 ] com.netflix.discovery.DiscoveryClient    : Discovery Client initialized at timestamp 1778756756690 with initial instances count: 0
2026-05-14T16:35:56.699+05:30  INFO 93613 --- [order-service] [main] [                                                 ] o.s.c.n.e.s.EurekaServiceRegistry        : Registering application ORDER-SERVICE with eureka with status UP
2026-05-14T16:35:56.700+05:30  INFO 93613 --- [order-service] [main] [                                                 ] com.netflix.discovery.DiscoveryClient    : Saw local status change event StatusChangeEvent [timestamp=1778756756700, current=UP, previous=STARTING]
2026-05-14T16:35:56.701+05:30  INFO 93613 --- [order-service] [DiscoveryClient-InstanceInfoReplicator-%d] [                                                 ] com.netflix.discovery.DiscoveryClient    : DiscoveryClient_ORDER-SERVICE/192.168.1.50:order-service:8083: registering service...
2026-05-14T16:35:56.708+05:30  INFO 93613 --- [order-service] [main] [                                                 ] o.s.b.w.embedded.tomcat.TomcatWebServer  : Tomcat started on port 8083 (http) with context path '/'
2026-05-14T16:35:56.709+05:30  INFO 93613 --- [order-service] [main] [                                                 ] .s.c.n.e.s.EurekaAutoServiceRegistration : Updating port to 8083
2026-05-14T16:35:56.742+05:30  INFO 93613 --- [order-service] [main] [                                                 ] com.ecommerce.order.OrderApplication     : Started OrderApplication in 5.132 seconds (process running for 5.572)
2026-05-14T16:35:56.748+05:30  INFO 93613 --- [order-service] [DiscoveryClient-InstanceInfoReplicator-%d] [                                                 ] com.netflix.discovery.DiscoveryClient    : DiscoveryClient_ORDER-SERVICE/192.168.1.50:order-service:8083 - registration status: 204
2026-05-14T16:35:56.897+05:30  INFO 93613 --- [order-service] [RMI TCP Connection(4)-127.0.0.1] [                                                 ] o.a.c.c.C.[Tomcat].[localhost].[/]       : Initializing Spring DispatcherServlet 'dispatcherServlet'
2026-05-14T16:35:56.897+05:30  INFO 93613 --- [order-service] [RMI TCP Connection(4)-127.0.0.1] [                                                 ] o.s.web.servlet.DispatcherServlet        : Initializing Servlet 'dispatcherServlet'
2026-05-14T16:35:56.898+05:30  INFO 93613 --- [order-service] [RMI TCP Connection(4)-127.0.0.1] [                                                 ] o.s.web.servlet.DispatcherServlet        : Completed initialization in 1 ms
2026-05-14T16:35:56.899+05:30  INFO 93613 --- [order-service] [RMI TCP Connection(3)-127.0.0.1] [                                                 ] o.s.a.r.c.CachingConnectionFactory       : Attempting to connect to: [moose.rmq.cloudamqp.com:5672]
2026-05-14T16:35:57.750+05:30  WARN 93613 --- [order-service] [AsyncReporter{ZipkinHttpClientSender{http://localhost:9411/api/v2/spans}}] [                                                 ] z.r.i.AsyncReporter$BoundedAsyncReporter : Spans were dropped due to exceptions. All subsequent errors will be logged at FINE level.
2026-05-14T16:35:57.750+05:30  WARN 93613 --- [order-service] [AsyncReporter{ZipkinHttpClientSender{http://localhost:9411/api/v2/spans}}] [                                                 ] z.r.i.AsyncReporter$BoundedAsyncReporter : Dropped 2 spans due to ConnectException()

java.net.ConnectException
	at java.net.http/jdk.internal.net.http.HttpClientImpl.send(HttpClientImpl.java:956) ~[java.net.http:na]
	at java.net.http/jdk.internal.net.http.HttpClientFacade.send(HttpClientFacade.java:133) ~[java.net.http:na]
	at org.springframework.boot.actuate.autoconfigure.tracing.zipkin.ZipkinHttpClientSender.postSpans(ZipkinHttpClientSender.java:60) ~[spring-boot-actuator-autoconfigure-3.5.14.jar:3.5.14]
	at org.springframework.boot.actuate.autoconfigure.tracing.zipkin.HttpSender.postSpans(HttpSender.java:69) ~[spring-boot-actuator-autoconfigure-3.5.14.jar:3.5.14]
	at org.springframework.boot.actuate.autoconfigure.tracing.zipkin.HttpSender.postSpans(HttpSender.java:41) ~[spring-boot-actuator-autoconfigure-3.5.14.jar:3.5.14]
	at zipkin2.reporter.BaseHttpSender.send(BaseHttpSender.java:123) ~[zipkin-reporter-3.5.3.jar:na]
	at zipkin2.reporter.internal.AsyncReporter$BoundedAsyncReporter.flush(AsyncReporter.java:266) ~[zipkin-reporter-3.5.3.jar:na]
	at zipkin2.reporter.internal.AsyncReporter$Flusher.run(AsyncReporter.java:352) ~[zipkin-reporter-3.5.3.jar:na]
	at java.base/java.lang.Thread.run(Thread.java:1575) ~[na:na]
Caused by: java.net.ConnectException
	at java.net.http/jdk.internal.net.http.common.Utils.toConnectException(Utils.java:1069) ~[java.net.http:na]
	at java.net.http/jdk.internal.net.http.PlainHttpConnection.connectAsync(PlainHttpConnection.java:227) ~[java.net.http:na]
	at java.net.http/jdk.internal.net.http.PlainHttpConnection.checkRetryConnect(PlainHttpConnection.java:280) ~[java.net.http:na]
	at java.net.http/jdk.internal.net.http.PlainHttpConnection.lambda$connectAsync$2(PlainHttpConnection.java:238) ~[java.net.http:na]
	at java.base/java.util.concurrent.CompletableFuture.uniHandle(CompletableFuture.java:978) ~[na:na]
	at java.base/java.util.concurrent.CompletableFuture$UniHandle.tryFire(CompletableFuture.java:955) ~[na:na]
	at java.base/java.util.concurrent.CompletableFuture.postComplete(CompletableFuture.java:554) ~[na:na]
	at java.base/java.util.concurrent.CompletableFuture$AsyncSupply.run(CompletableFuture.java:1817) ~[na:na]
	at java.base/java.util.concurrent.ThreadPoolExecutor.runWorker(ThreadPoolExecutor.java:1144) ~[na:na]
	at java.base/java.util.concurrent.ThreadPoolExecutor$Worker.run(ThreadPoolExecutor.java:642) ~[na:na]
	... 1 common frames omitted
Caused by: java.nio.channels.ClosedChannelException
	at java.base/sun.nio.ch.SocketChannelImpl.ensureOpen(SocketChannelImpl.java:204) ~[na:na]
	at java.base/sun.nio.ch.SocketChannelImpl.connect(SocketChannelImpl.java:958) ~[na:na]
	at java.net.http/jdk.internal.net.http.PlainHttpConnection.lambda$connectAsync$1(PlainHttpConnection.java:210) ~[java.net.http:na]
	at java.base/java.security.AccessController.doPrivileged(AccessController.java:571) ~[na:na]
	at java.net.http/jdk.internal.net.http.PlainHttpConnection.connectAsync(PlainHttpConnection.java:212) ~[java.net.http:na]
	... 9 common frames omitted

2026-05-14T16:36:00.160+05:30  INFO 93613 --- [order-service] [RMI TCP Connection(3)-127.0.0.1] [                                                 ] o.s.a.r.c.CachingConnectionFactory       : Created new connection: rabbitConnectionFactory#19f03a01:0/SimpleConnection@45251915 [delegate=amqp://yrpyuppa@44.223.162.67:5672/yrpyuppa, localPort=54101]
2026-05-14T16:36:26.696+05:30  INFO 93613 --- [order-service] [DiscoveryClient-CacheRefreshExecutor-%d] [                                                 ] com.netflix.discovery.DiscoveryClient    : Disable delta property : false
2026-05-14T16:36:26.709+05:30  INFO 93613 --- [order-service] [DiscoveryClient-CacheRefreshExecutor-%d] [                                                 ] com.netflix.discovery.DiscoveryClient    : Single vip registry refresh property : null
2026-05-14T16:36:26.710+05:30  INFO 93613 --- [order-service] [DiscoveryClient-CacheRefreshExecutor-%d] [                                                 ] com.netflix.discovery.DiscoveryClient    : Force full registry fetch : false
2026-05-14T16:36:26.710+05:30  INFO 93613 --- [order-service] [DiscoveryClient-CacheRefreshExecutor-%d] [                                                 ] com.netflix.discovery.DiscoveryClient    : Application is null : false
2026-05-14T16:36:26.710+05:30  INFO 93613 --- [order-service] [DiscoveryClient-CacheRefreshExecutor-%d] [                                                 ] com.netflix.discovery.DiscoveryClient    : Registered Applications size is zero : true
2026-05-14T16:36:26.710+05:30  INFO 93613 --- [order-service] [DiscoveryClient-CacheRefreshExecutor-%d] [                                                 ] com.netflix.discovery.DiscoveryClient    : Application version is -1: false
2026-05-14T16:36:26.710+05:30  INFO 93613 --- [order-service] [DiscoveryClient-CacheRefreshExecutor-%d] [                                                 ] com.netflix.discovery.DiscoveryClient    : Getting all instance registry info from the eureka server
2026-05-14T16:36:26.760+05:30  INFO 93613 --- [order-service] [DiscoveryClient-CacheRefreshExecutor-%d] [                                                 ] com.netflix.discovery.DiscoveryClient    : The response status is 200
2026-05-14T16:36:54.291+05:30  INFO 93613 --- [order-service] [SpringApplicationShutdownHook] [                                                 ] o.s.c.n.e.s.EurekaServiceRegistry        : Unregistering application ORDER-SERVICE with eureka with status DOWN
2026-05-14T16:36:54.306+05:30  INFO 93613 --- [order-service] [SpringApplicationShutdownHook] [                                                 ] com.netflix.discovery.DiscoveryClient    : Saw local status change event StatusChangeEvent [timestamp=1778756814306, current=DOWN, previous=UP]
2026-05-14T16:36:54.316+05:30  INFO 93613 --- [order-service] [DiscoveryClient-InstanceInfoReplicator-%d] [                                                 ] com.netflix.discovery.DiscoveryClient    : DiscoveryClient_ORDER-SERVICE/192.168.1.50:order-service:8083: registering service...
2026-05-14T16:36:54.409+05:30  INFO 93613 --- [order-service] [SpringApplicationShutdownHook] [                                                 ] o.s.b.w.e.tomcat.GracefulShutdown        : Commencing graceful shutdown. Waiting for active requests to complete
2026-05-14T16:36:54.449+05:30  INFO 93613 --- [order-service] [tomcat-shutdown] [                                                 ] o.s.b.w.e.tomcat.GracefulShutdown        : Graceful shutdown complete
2026-05-14T16:36:55.175+05:30  INFO 93613 --- [order-service] [DiscoveryClient-InstanceInfoReplicator-%d] [                                                 ] com.netflix.discovery.DiscoveryClient    : DiscoveryClient_ORDER-SERVICE/192.168.1.50:order-service:8083 - registration status: 204
2026-05-14T16:36:56.529+05:30  INFO 93613 --- [order-service] [SpringApplicationShutdownHook] [                                                 ] o.s.i.endpoint.EventDrivenConsumer       : Removing {logging-channel-adapter:_org.springframework.integration.errorLogger} as a subscriber to the 'errorChannel' channel
2026-05-14T16:36:56.537+05:30  INFO 93613 --- [order-service] [SpringApplicationShutdownHook] [                                                 ] o.s.i.channel.PublishSubscribeChannel    : Channel 'order-service.errorChannel' has 0 subscriber(s).
2026-05-14T16:36:56.989+05:30  INFO 93613 --- [order-service] [SpringApplicationShutdownHook] [                                                 ] o.s.i.endpoint.EventDrivenConsumer       : stopped bean '_org.springframework.integration.errorLogger'
2026-05-14T16:36:57.190+05:30  INFO 93613 --- [order-service] [SpringApplicationShutdownHook] [                                                 ] j.LocalContainerEntityManagerFactoryBean : Closing JPA EntityManagerFactory for persistence unit 'default'
2026-05-14T16:36:57.400+05:30  INFO 93613 --- [order-service] [SpringApplicationShutdownHook] [                                                 ] com.zaxxer.hikari.HikariDataSource       : HikariPool-1 - Shutdown initiated...
2026-05-14T16:36:57.413+05:30  INFO 93613 --- [order-service] [SpringApplicationShutdownHook] [                                                 ] com.zaxxer.hikari.HikariDataSource       : HikariPool-1 - Shutdown completed.
2026-05-14T16:36:58.380+05:30  INFO 93613 --- [order-service] [SpringApplicationShutdownHook] [                                                 ] com.netflix.discovery.DiscoveryClient    : Shutting down DiscoveryClient ...
2026-05-14T16:37:01.389+05:30  INFO 93613 --- [order-service] [SpringApplicationShutdownHook] [                                                 ] com.netflix.discovery.DiscoveryClient    : Unregistering ...
2026-05-14T16:37:01.700+05:30  INFO 93613 --- [order-service] [SpringApplicationShutdownHook] [                                                 ] com.netflix.discovery.DiscoveryClient    : DiscoveryClient_ORDER-SERVICE/192.168.1.50:order-service:8083 - deregister  status: 200
2026-05-14T16:37:01.709+05:30  INFO 93613 --- [order-service] [SpringApplicationShutdownHook] [                                                 ] com.netflix.discovery.DiscoveryClient    : Completed shut down of DiscoveryClient
2026-05-14T16:37:36.482+05:30  INFO 93675 --- [order-service] [main] [                                                 ] com.ecommerce.order.OrderApplication     : Starting OrderApplication using Java 23 with PID 93675 (/Users/kumar/Springboot/Microservices/ecom-microservices/order/target/classes started by kumar in /Users/kumar/Springboot/Microservices/ecom-microservices)
2026-05-14T16:37:36.492+05:30  INFO 93675 --- [order-service] [main] [                                                 ] com.ecommerce.order.OrderApplication     : No active profile set, falling back to 1 default profile: "default"
2026-05-14T16:37:36.623+05:30  INFO 93675 --- [order-service] [main] [                                                 ] o.s.c.c.c.ConfigServerConfigDataLoader   : Fetching config from server at : http://localhost:8888
2026-05-14T16:37:36.624+05:30  INFO 93675 --- [order-service] [main] [                                                 ] o.s.c.c.c.ConfigServerConfigDataLoader   : Located environment: name=order-service, profiles=[default], label=null, version=null, state=null
2026-05-14T16:37:38.942+05:30  INFO 93675 --- [order-service] [main] [                                                 ] .s.d.r.c.RepositoryConfigurationDelegate : Bootstrapping Spring Data JPA repositories in DEFAULT mode.
2026-05-14T16:37:39.248+05:30  INFO 93675 --- [order-service] [main] [                                                 ] .s.d.r.c.RepositoryConfigurationDelegate : Finished Spring Data repository scanning in 281 ms. Found 2 JPA repository interfaces.
2026-05-14T16:37:39.445+05:30  INFO 93675 --- [order-service] [main] [                                                 ] faultConfiguringBeanFactoryPostProcessor : No bean named 'errorChannel' has been explicitly defined. Therefore, a default PublishSubscribeChannel will be created.
2026-05-14T16:37:39.469+05:30  INFO 93675 --- [order-service] [main] [                                                 ] faultConfiguringBeanFactoryPostProcessor : No bean named 'integrationHeaderChannelRegistry' has been explicitly defined. Therefore, a default DefaultHeaderChannelRegistry will be created.
2026-05-14T16:37:39.649+05:30  INFO 93675 --- [order-service] [main] [                                                 ] o.s.cloud.context.scope.GenericScope     : BeanFactory id=f4413ffd-a7d1-39ac-8ce6-dc5e51e816a5
2026-05-14T16:37:40.589+05:30  INFO 93675 --- [order-service] [main] [                                                 ] o.s.b.w.embedded.tomcat.TomcatWebServer  : Tomcat initialized with port 8083 (http)
2026-05-14T16:37:40.605+05:30  INFO 93675 --- [order-service] [main] [                                                 ] o.apache.catalina.core.StandardService   : Starting service [Tomcat]
2026-05-14T16:37:40.605+05:30  INFO 93675 --- [order-service] [main] [                                                 ] o.apache.catalina.core.StandardEngine    : Starting Servlet engine: [Apache Tomcat/10.1.54]
2026-05-14T16:37:40.722+05:30  INFO 93675 --- [order-service] [main] [                                                 ] o.a.c.c.C.[Tomcat].[localhost].[/]       : Initializing Spring embedded WebApplicationContext
2026-05-14T16:37:40.723+05:30  INFO 93675 --- [order-service] [main] [                                                 ] w.s.c.ServletWebServerApplicationContext : Root WebApplicationContext: initialization completed in 4087 ms
2026-05-14T16:37:41.945+05:30  INFO 93675 --- [order-service] [main] [                                                 ] o.hibernate.jpa.internal.util.LogHelper  : HHH000204: Processing PersistenceUnitInfo [name: default]
2026-05-14T16:37:42.291+05:30  INFO 93675 --- [order-service] [main] [                                                 ] org.hibernate.Version                    : HHH000412: Hibernate ORM core version 6.6.49.Final
2026-05-14T16:37:42.406+05:30  INFO 93675 --- [order-service] [main] [                                                 ] o.h.c.internal.RegionFactoryInitiator    : HHH000026: Second-level cache disabled
2026-05-14T16:37:43.336+05:30  INFO 93675 --- [order-service] [main] [                                                 ] o.s.o.j.p.SpringPersistenceUnitInfo      : No LoadTimeWeaver setup: ignoring JPA class transformer
2026-05-14T16:37:43.410+05:30  INFO 93675 --- [order-service] [main] [                                                 ] com.zaxxer.hikari.HikariDataSource       : HikariPool-1 - Starting...
2026-05-14T16:37:43.794+05:30  INFO 93675 --- [order-service] [main] [                                                 ] com.zaxxer.hikari.pool.HikariPool        : HikariPool-1 - Added connection org.postgresql.jdbc.PgConnection@2cea41ab
2026-05-14T16:37:43.795+05:30  INFO 93675 --- [order-service] [main] [                                                 ] com.zaxxer.hikari.HikariDataSource       : HikariPool-1 - Start completed.
2026-05-14T16:37:44.074+05:30  WARN 93675 --- [order-service] [main] [                                                 ] org.hibernate.orm.deprecation            : HHH90000025: PostgreSQLDialect does not need to be specified explicitly using 'hibernate.dialect' (remove the property setting and it will be selected by default)
2026-05-14T16:37:44.108+05:30  INFO 93675 --- [order-service] [main] [                                                 ] org.hibernate.orm.connections.pooling    : HHH10001005: Database info:
	Database JDBC URL [Connecting through datasource 'HikariDataSource (HikariPool-1)']
	Database driver: undefined/unknown
	Database version: 14.22
	Autocommit mode: undefined/unknown
	Isolation level: undefined/unknown
	Minimum pool size: undefined/unknown
	Maximum pool size: undefined/unknown
2026-05-14T16:37:45.268+05:30  INFO 93675 --- [order-service] [main] [                                                 ] o.h.e.t.j.p.i.JtaPlatformInitiator       : HHH000489: No JTA platform available (set 'hibernate.transaction.jta.platform' to enable JTA platform integration)
2026-05-14T16:37:45.924+05:30  INFO 93675 --- [order-service] [main] [                                                 ] j.LocalContainerEntityManagerFactoryBean : Initialized JPA EntityManagerFactory for persistence unit 'default'
2026-05-14T16:37:46.844+05:30  WARN 93675 --- [order-service] [main] [                                                 ] JpaBaseConfiguration$JpaWebConfiguration : spring.jpa.open-in-view is enabled by default. Therefore, database queries may be performed during view rendering. Explicitly configure spring.jpa.open-in-view to disable this warning
2026-05-14T16:37:47.981+05:30  INFO 93675 --- [order-service] [main] [                                                 ] DiscoveryClientOptionalArgsConfiguration : Eureka HTTP Client uses RestTemplate.
2026-05-14T16:37:48.056+05:30  WARN 93675 --- [order-service] [main] [                                                 ] iguration$LoadBalancerCaffeineWarnLogger : Spring Cloud LoadBalancer is currently working with the default cache. While this cache implementation is useful for development and tests, it's recommended to use Caffeine cache in production.You can switch to using Caffeine cache, by adding it and org.springframework.cache.caffeine.CaffeineCacheManager to the classpath.
2026-05-14T16:37:48.069+05:30  INFO 93675 --- [order-service] [main] [                                                 ] o.s.b.a.e.web.EndpointLinksResolver      : Exposing 32 endpoints beneath base path '/actuator'
2026-05-14T16:37:48.279+05:30  INFO 93675 --- [order-service] [main] [                                                 ] figuration$IntegrationJmxConfiguration$1 : Registering MessageChannel errorChannel
2026-05-14T16:37:48.282+05:30  INFO 93675 --- [order-service] [main] [                                                 ] figuration$IntegrationJmxConfiguration$1 : Registering MessageChannel nullChannel
2026-05-14T16:37:48.288+05:30  INFO 93675 --- [order-service] [main] [                                                 ] figuration$IntegrationJmxConfiguration$1 : Registering MessageHandler _org.springframework.integration.errorLogger
2026-05-14T16:37:48.295+05:30  INFO 93675 --- [order-service] [main] [                                                 ] o.s.i.endpoint.EventDrivenConsumer       : Adding {logging-channel-adapter:_org.springframework.integration.errorLogger} as a subscriber to the 'errorChannel' channel
2026-05-14T16:37:48.296+05:30  INFO 93675 --- [order-service] [main] [                                                 ] o.s.i.channel.PublishSubscribeChannel    : Channel 'order-service.errorChannel' has 1 subscriber(s).
2026-05-14T16:37:48.296+05:30  INFO 93675 --- [order-service] [main] [                                                 ] o.s.i.endpoint.EventDrivenConsumer       : started bean '_org.springframework.integration.errorLogger'
2026-05-14T16:37:48.366+05:30  INFO 93675 --- [order-service] [main] [                                                 ] o.s.c.n.eureka.InstanceInfoFactory       : Setting initial instance status as: STARTING
2026-05-14T16:37:48.386+05:30  INFO 93675 --- [order-service] [main] [                                                 ] com.netflix.discovery.DiscoveryClient    : Initializing Eureka in region us-east-1
2026-05-14T16:37:48.388+05:30  INFO 93675 --- [order-service] [main] [                                                 ] c.n.d.s.r.aws.ConfigClusterResolver      : Resolving eureka endpoints via configuration
2026-05-14T16:37:48.393+05:30  INFO 93675 --- [order-service] [main] [                                                 ] com.netflix.discovery.DiscoveryClient    : Disable delta property : false
2026-05-14T16:37:48.393+05:30  INFO 93675 --- [order-service] [main] [                                                 ] com.netflix.discovery.DiscoveryClient    : Single vip registry refresh property : null
2026-05-14T16:37:48.393+05:30  INFO 93675 --- [order-service] [main] [                                                 ] com.netflix.discovery.DiscoveryClient    : Force full registry fetch : false
2026-05-14T16:37:48.393+05:30  INFO 93675 --- [order-service] [main] [                                                 ] com.netflix.discovery.DiscoveryClient    : Application is null : false
2026-05-14T16:37:48.393+05:30  INFO 93675 --- [order-service] [main] [                                                 ] com.netflix.discovery.DiscoveryClient    : Registered Applications size is zero : true
2026-05-14T16:37:48.393+05:30  INFO 93675 --- [order-service] [main] [                                                 ] com.netflix.discovery.DiscoveryClient    : Application version is -1: true
2026-05-14T16:37:48.393+05:30  INFO 93675 --- [order-service] [main] [                                                 ] com.netflix.discovery.DiscoveryClient    : Getting all instance registry info from the eureka server
2026-05-14T16:37:48.573+05:30  INFO 93675 --- [order-service] [main] [                                                 ] com.netflix.discovery.DiscoveryClient    : The response status is 200
2026-05-14T16:37:48.574+05:30  INFO 93675 --- [order-service] [main] [                                                 ] com.netflix.discovery.DiscoveryClient    : Starting heartbeat executor: renew interval is: 30
2026-05-14T16:37:48.575+05:30  INFO 93675 --- [order-service] [main] [                                                 ] c.n.discovery.InstanceInfoReplicator     : InstanceInfoReplicator onDemand update allowed rate per min is 4
2026-05-14T16:37:48.576+05:30  INFO 93675 --- [order-service] [main] [                                                 ] com.netflix.discovery.DiscoveryClient    : Discovery Client initialized at timestamp 1778756868576 with initial instances count: 1
2026-05-14T16:37:48.586+05:30  INFO 93675 --- [order-service] [main] [                                                 ] o.s.c.n.e.s.EurekaServiceRegistry        : Registering application ORDER-SERVICE with eureka with status UP
2026-05-14T16:37:48.586+05:30  INFO 93675 --- [order-service] [main] [                                                 ] com.netflix.discovery.DiscoveryClient    : Saw local status change event StatusChangeEvent [timestamp=1778756868586, current=UP, previous=STARTING]
2026-05-14T16:37:48.587+05:30  INFO 93675 --- [order-service] [DiscoveryClient-InstanceInfoReplicator-%d] [                                                 ] com.netflix.discovery.DiscoveryClient    : DiscoveryClient_ORDER-SERVICE/192.168.1.50:order-service:8083: registering service...
2026-05-14T16:37:48.597+05:30  INFO 93675 --- [order-service] [main] [                                                 ] o.s.b.w.embedded.tomcat.TomcatWebServer  : Tomcat started on port 8083 (http) with context path '/'
2026-05-14T16:37:48.598+05:30  INFO 93675 --- [order-service] [main] [                                                 ] .s.c.n.e.s.EurekaAutoServiceRegistration : Updating port to 8083
2026-05-14T16:37:48.639+05:30  INFO 93675 --- [order-service] [main] [                                                 ] com.ecommerce.order.OrderApplication     : Started OrderApplication in 22.809 seconds (process running for 28.493)
2026-05-14T16:37:48.672+05:30  INFO 93675 --- [order-service] [DiscoveryClient-InstanceInfoReplicator-%d] [                                                 ] com.netflix.discovery.DiscoveryClient    : DiscoveryClient_ORDER-SERVICE/192.168.1.50:order-service:8083 - registration status: 204
2026-05-14T16:37:49.294+05:30  INFO 93675 --- [order-service] [RMI TCP Connection(4)-127.0.0.1] [                                                 ] o.s.a.r.c.CachingConnectionFactory       : Attempting to connect to: [moose.rmq.cloudamqp.com:5672]
2026-05-14T16:37:49.309+05:30  INFO 93675 --- [order-service] [http-nio-8083-exec-1] [                                                 ] o.a.c.c.C.[Tomcat].[localhost].[/]       : Initializing Spring DispatcherServlet 'dispatcherServlet'
2026-05-14T16:37:49.309+05:30  INFO 93675 --- [order-service] [http-nio-8083-exec-1] [                                                 ] o.s.web.servlet.DispatcherServlet        : Initializing Servlet 'dispatcherServlet'
2026-05-14T16:37:49.313+05:30  INFO 93675 --- [order-service] [http-nio-8083-exec-1] [                                                 ] o.s.web.servlet.DispatcherServlet        : Completed initialization in 3 ms
2026-05-14T16:37:51.068+05:30  INFO 93675 --- [order-service] [RMI TCP Connection(4)-127.0.0.1] [                                                 ] o.s.a.r.c.CachingConnectionFactory       : Created new connection: rabbitConnectionFactory#2cce1da1:0/SimpleConnection@37747d0f [delegate=amqp://yrpyuppa@44.223.162.67:5672/yrpyuppa, localPort=54244]
2026-05-14T16:42:48.406+05:30  INFO 93675 --- [order-service] [AsyncResolver-bootstrap-executor-%d] [                                                 ] c.n.d.s.r.aws.ConfigClusterResolver      : Resolving eureka endpoints via configuration
2026-05-14T16:46:48.592+05:30  INFO 93675 --- [order-service] [http-nio-8083-exec-6] [6a05af1f6f24d0ae993380b44e6be0cb-35b7a3be07aaad42] o.s.c.s.binder.DefaultBinderFactory      : Creating binder: rabbit
2026-05-14T16:46:48.613+05:30  INFO 93675 --- [order-service] [http-nio-8083-exec-6] [6a05af1f6f24d0ae993380b44e6be0cb-35b7a3be07aaad42] o.s.c.s.binder.DefaultBinderFactory      : Constructing binder child context for rabbit
2026-05-14T16:46:49.385+05:30  INFO 93675 --- [order-service] [http-nio-8083-exec-6] [6a05af1f6f24d0ae993380b44e6be0cb-35b7a3be07aaad42] o.s.c.s.binder.DefaultBinderFactory      : Caching the binder: rabbit
2026-05-14T16:46:49.649+05:30  INFO 93675 --- [order-service] [http-nio-8083-exec-6] [6a05af1f6f24d0ae993380b44e6be0cb-35b7a3be07aaad42] o.s.c.s.m.DirectWithAttributesChannel    : Channel 'order-service.createOrder-out-0' has 1 subscriber(s).
2026-05-14T16:46:49.751+05:30  INFO 93675 --- [order-service] [http-nio-8083-exec-6] [6a05af1f6f24d0ae993380b44e6be0cb-72aa0f8300181bfd] o.s.a.r.c.CachingConnectionFactory       : Attempting to connect to: [moose.rmq.cloudamqp.com:5672]
2026-05-14T16:46:51.070+05:30  INFO 93675 --- [order-service] [http-nio-8083-exec-6] [6a05af1f6f24d0ae993380b44e6be0cb-72aa0f8300181bfd] o.s.a.r.c.CachingConnectionFactory       : Created new connection: rabbitConnectionFactory.publisher#1e251ac8:0/SimpleConnection@fa6cba6 [delegate=amqp://yrpyuppa@44.223.162.67:5672/yrpyuppa, localPort=54693]
2026-05-14T16:47:48.433+05:30  INFO 93675 --- [order-service] [AsyncResolver-bootstrap-executor-%d] [                                                 ] c.n.d.s.r.aws.ConfigClusterResolver      : Resolving eureka endpoints via configuration
2026-05-14T16:51:34.800+05:30  INFO 93675 --- [order-service] [SpringApplicationShutdownHook] [                                                 ] o.s.c.n.e.s.EurekaServiceRegistry        : Unregistering application ORDER-SERVICE with eureka with status DOWN
2026-05-14T16:51:34.837+05:30  INFO 93675 --- [order-service] [SpringApplicationShutdownHook] [                                                 ] com.netflix.discovery.DiscoveryClient    : Saw local status change event StatusChangeEvent [timestamp=1778757694837, current=DOWN, previous=UP]
2026-05-14T16:51:34.849+05:30  INFO 93675 --- [order-service] [DiscoveryClient-InstanceInfoReplicator-%d] [                                                 ] com.netflix.discovery.DiscoveryClient    : DiscoveryClient_ORDER-SERVICE/192.168.1.50:order-service:8083: registering service...
2026-05-14T16:51:35.121+05:30  INFO 93675 --- [order-service] [DiscoveryClient-InstanceInfoReplicator-%d] [                                                 ] com.netflix.discovery.DiscoveryClient    : DiscoveryClient_ORDER-SERVICE/192.168.1.50:order-service:8083 - registration status: 204
2026-05-14T16:51:35.787+05:30  INFO 93675 --- [order-service] [SpringApplicationShutdownHook] [                                                 ] o.s.b.w.e.tomcat.GracefulShutdown        : Commencing graceful shutdown. Waiting for active requests to complete
2026-05-14T16:51:35.871+05:30  INFO 93675 --- [order-service] [tomcat-shutdown] [                                                 ] o.s.b.w.e.tomcat.GracefulShutdown        : Graceful shutdown complete
2026-05-14T16:51:39.751+05:30  INFO 93675 --- [order-service] [SpringApplicationShutdownHook] [                                                 ] o.s.i.endpoint.EventDrivenConsumer       : Removing {logging-channel-adapter:_org.springframework.integration.errorLogger} as a subscriber to the 'errorChannel' channel
2026-05-14T16:51:39.757+05:30  INFO 93675 --- [order-service] [SpringApplicationShutdownHook] [                                                 ] o.s.i.channel.PublishSubscribeChannel    : Channel 'order-service.errorChannel' has 0 subscriber(s).
2026-05-14T16:51:39.773+05:30  INFO 93675 --- [order-service] [SpringApplicationShutdownHook] [                                                 ] o.s.i.endpoint.EventDrivenConsumer       : stopped bean '_org.springframework.integration.errorLogger'
2026-05-14T16:51:40.154+05:30  INFO 93675 --- [order-service] [SpringApplicationShutdownHook] [                                                 ] j.LocalContainerEntityManagerFactoryBean : Closing JPA EntityManagerFactory for persistence unit 'default'
2026-05-14T16:51:40.314+05:30  INFO 93675 --- [order-service] [SpringApplicationShutdownHook] [                                                 ] com.zaxxer.hikari.HikariDataSource       : HikariPool-1 - Shutdown initiated...
2026-05-14T16:51:40.359+05:30  INFO 93675 --- [order-service] [SpringApplicationShutdownHook] [                                                 ] com.zaxxer.hikari.HikariDataSource       : HikariPool-1 - Shutdown completed.
2026-05-14T16:51:41.285+05:30  INFO 93675 --- [order-service] [SpringApplicationShutdownHook] [                                                 ] com.netflix.discovery.DiscoveryClient    : Shutting down DiscoveryClient ...
2026-05-14T16:51:44.298+05:30  INFO 93675 --- [order-service] [SpringApplicationShutdownHook] [                                                 ] com.netflix.discovery.DiscoveryClient    : Unregistering ...
2026-05-14T16:51:44.368+05:30  INFO 93675 --- [order-service] [SpringApplicationShutdownHook] [                                                 ] com.netflix.discovery.DiscoveryClient    : DiscoveryClient_ORDER-SERVICE/192.168.1.50:order-service:8083 - deregister  status: 200
2026-05-14T16:51:44.369+05:30  INFO 93675 --- [order-service] [SpringApplicationShutdownHook] [                                                 ] com.netflix.discovery.DiscoveryClient    : Completed shut down of DiscoveryClient
2026-05-14T16:51:54.375+05:30  INFO 94280 --- [order-service] [main] [                                                 ] com.ecommerce.order.OrderApplication     : Starting OrderApplication using Java 23 with PID 94280 (/Users/kumar/Springboot/Microservices/ecom-microservices/order/target/classes started by kumar in /Users/kumar/Springboot/Microservices/ecom-microservices)
2026-05-14T16:51:54.376+05:30  INFO 94280 --- [order-service] [main] [                                                 ] com.ecommerce.order.OrderApplication     : No active profile set, falling back to 1 default profile: "default"
2026-05-14T16:51:54.426+05:30  INFO 94280 --- [order-service] [main] [                                                 ] o.s.c.c.c.ConfigServerConfigDataLoader   : Fetching config from server at : http://localhost:8888
2026-05-14T16:51:54.426+05:30  INFO 94280 --- [order-service] [main] [                                                 ] o.s.c.c.c.ConfigServerConfigDataLoader   : Located environment: name=order-service, profiles=[default], label=null, version=null, state=null
2026-05-14T16:51:57.102+05:30  INFO 94280 --- [order-service] [main] [                                                 ] .s.d.r.c.RepositoryConfigurationDelegate : Bootstrapping Spring Data JPA repositories in DEFAULT mode.
2026-05-14T16:51:57.359+05:30  INFO 94280 --- [order-service] [main] [                                                 ] .s.d.r.c.RepositoryConfigurationDelegate : Finished Spring Data repository scanning in 243 ms. Found 2 JPA repository interfaces.
2026-05-14T16:51:57.541+05:30  INFO 94280 --- [order-service] [main] [                                                 ] faultConfiguringBeanFactoryPostProcessor : No bean named 'errorChannel' has been explicitly defined. Therefore, a default PublishSubscribeChannel will be created.
2026-05-14T16:51:57.558+05:30  INFO 94280 --- [order-service] [main] [                                                 ] faultConfiguringBeanFactoryPostProcessor : No bean named 'integrationHeaderChannelRegistry' has been explicitly defined. Therefore, a default DefaultHeaderChannelRegistry will be created.
2026-05-14T16:51:57.745+05:30  INFO 94280 --- [order-service] [main] [                                                 ] o.s.cloud.context.scope.GenericScope     : BeanFactory id=f4413ffd-a7d1-39ac-8ce6-dc5e51e816a5
2026-05-14T16:51:58.375+05:30  INFO 94280 --- [order-service] [main] [                                                 ] o.s.b.w.embedded.tomcat.TomcatWebServer  : Tomcat initialized with port 8083 (http)
2026-05-14T16:51:58.381+05:30  INFO 94280 --- [order-service] [main] [                                                 ] o.apache.catalina.core.StandardService   : Starting service [Tomcat]
2026-05-14T16:51:58.382+05:30  INFO 94280 --- [order-service] [main] [                                                 ] o.apache.catalina.core.StandardEngine    : Starting Servlet engine: [Apache Tomcat/10.1.54]
2026-05-14T16:51:58.421+05:30  INFO 94280 --- [order-service] [main] [                                                 ] o.a.c.c.C.[Tomcat].[localhost].[/]       : Initializing Spring embedded WebApplicationContext
2026-05-14T16:51:58.421+05:30  INFO 94280 --- [order-service] [main] [                                                 ] w.s.c.ServletWebServerApplicationContext : Root WebApplicationContext: initialization completed in 3991 ms
2026-05-14T16:51:59.033+05:30  INFO 94280 --- [order-service] [main] [                                                 ] o.hibernate.jpa.internal.util.LogHelper  : HHH000204: Processing PersistenceUnitInfo [name: default]
2026-05-14T16:51:59.063+05:30  INFO 94280 --- [order-service] [main] [                                                 ] org.hibernate.Version                    : HHH000412: Hibernate ORM core version 6.6.49.Final
2026-05-14T16:51:59.078+05:30  INFO 94280 --- [order-service] [main] [                                                 ] o.h.c.internal.RegionFactoryInitiator    : HHH000026: Second-level cache disabled
2026-05-14T16:51:59.206+05:30  INFO 94280 --- [order-service] [main] [                                                 ] o.s.o.j.p.SpringPersistenceUnitInfo      : No LoadTimeWeaver setup: ignoring JPA class transformer
2026-05-14T16:51:59.220+05:30  INFO 94280 --- [order-service] [main] [                                                 ] com.zaxxer.hikari.HikariDataSource       : HikariPool-1 - Starting...
2026-05-14T16:51:59.339+05:30  INFO 94280 --- [order-service] [main] [                                                 ] com.zaxxer.hikari.pool.HikariPool        : HikariPool-1 - Added connection org.postgresql.jdbc.PgConnection@4d0b8b8b
2026-05-14T16:51:59.339+05:30  INFO 94280 --- [order-service] [main] [                                                 ] com.zaxxer.hikari.HikariDataSource       : HikariPool-1 - Start completed.
2026-05-14T16:51:59.416+05:30  WARN 94280 --- [order-service] [main] [                                                 ] org.hibernate.orm.deprecation            : HHH90000025: PostgreSQLDialect does not need to be specified explicitly using 'hibernate.dialect' (remove the property setting and it will be selected by default)
2026-05-14T16:51:59.429+05:30  INFO 94280 --- [order-service] [main] [                                                 ] org.hibernate.orm.connections.pooling    : HHH10001005: Database info:
	Database JDBC URL [Connecting through datasource 'HikariDataSource (HikariPool-1)']
	Database driver: undefined/unknown
	Database version: 14.22
	Autocommit mode: undefined/unknown
	Isolation level: undefined/unknown
	Minimum pool size: undefined/unknown
	Maximum pool size: undefined/unknown
2026-05-14T16:51:59.946+05:30  INFO 94280 --- [order-service] [main] [                                                 ] o.h.e.t.j.p.i.JtaPlatformInitiator       : HHH000489: No JTA platform available (set 'hibernate.transaction.jta.platform' to enable JTA platform integration)
2026-05-14T16:52:00.141+05:30  INFO 94280 --- [order-service] [main] [                                                 ] j.LocalContainerEntityManagerFactoryBean : Initialized JPA EntityManagerFactory for persistence unit 'default'
2026-05-14T16:52:00.158+05:30  WARN 94280 --- [order-service] [main] [                                                 ] ConfigServletWebServerApplicationContext : Exception encountered during context initialization - cancelling refresh attempt: org.springframework.beans.factory.BeanCreationException: Error creating bean with name 'rabbitMQConfiguration': Injection of autowired dependencies failed
2026-05-14T16:52:00.158+05:30  INFO 94280 --- [order-service] [main] [                                                 ] j.LocalContainerEntityManagerFactoryBean : Closing JPA EntityManagerFactory for persistence unit 'default'
2026-05-14T16:52:00.161+05:30  INFO 94280 --- [order-service] [main] [                                                 ] com.zaxxer.hikari.HikariDataSource       : HikariPool-1 - Shutdown initiated...
2026-05-14T16:52:00.164+05:30  INFO 94280 --- [order-service] [main] [                                                 ] com.zaxxer.hikari.HikariDataSource       : HikariPool-1 - Shutdown completed.
2026-05-14T16:52:01.173+05:30  WARN 94280 --- [order-service] [main] [                                                 ] z.r.i.AsyncReporter$BoundedAsyncReporter : Timed out waiting for in-flight spans to send
2026-05-14T16:52:01.181+05:30  INFO 94280 --- [order-service] [main] [                                                 ] o.apache.catalina.core.StandardService   : Stopping service [Tomcat]
2026-05-14T16:52:01.207+05:30  INFO 94280 --- [order-service] [main] [                                                 ] .s.b.a.l.ConditionEvaluationReportLogger : 

Error starting ApplicationContext. To display the condition evaluation report re-run your application with 'debug' enabled.
2026-05-14T16:52:01.249+05:30 ERROR 94280 --- [order-service] [main] [                                                 ] o.s.boot.SpringApplication               : Application run failed

org.springframework.beans.factory.BeanCreationException: Error creating bean with name 'rabbitMQConfiguration': Injection of autowired dependencies failed
	at org.springframework.beans.factory.annotation.AutowiredAnnotationBeanPostProcessor.postProcessProperties(AutowiredAnnotationBeanPostProcessor.java:515) ~[spring-beans-6.2.18.jar:6.2.18]
	at org.springframework.beans.factory.support.AbstractAutowireCapableBeanFactory.populateBean(AbstractAutowireCapableBeanFactory.java:1459) ~[spring-beans-6.2.18.jar:6.2.18]
	at org.springframework.beans.factory.support.AbstractAutowireCapableBeanFactory.doCreateBean(AbstractAutowireCapableBeanFactory.java:606) ~[spring-beans-6.2.18.jar:6.2.18]
	at org.springframework.beans.factory.support.AbstractAutowireCapableBeanFactory.createBean(AbstractAutowireCapableBeanFactory.java:529) ~[spring-beans-6.2.18.jar:6.2.18]
	at org.springframework.beans.factory.support.AbstractBeanFactory.lambda$doGetBean$0(AbstractBeanFactory.java:339) ~[spring-beans-6.2.18.jar:6.2.18]
	at org.springframework.beans.factory.support.DefaultSingletonBeanRegistry.getSingleton(DefaultSingletonBeanRegistry.java:373) ~[spring-beans-6.2.18.jar:6.2.18]
	at org.springframework.beans.factory.support.AbstractBeanFactory.doGetBean(AbstractBeanFactory.java:337) ~[spring-beans-6.2.18.jar:6.2.18]
	at org.springframework.beans.factory.support.AbstractBeanFactory.getBean(AbstractBeanFactory.java:202) ~[spring-beans-6.2.18.jar:6.2.18]
	at org.springframework.beans.factory.support.DefaultListableBeanFactory.instantiateSingleton(DefaultListableBeanFactory.java:1228) ~[spring-beans-6.2.18.jar:6.2.18]
	at org.springframework.beans.factory.support.DefaultListableBeanFactory.preInstantiateSingleton(DefaultListableBeanFactory.java:1194) ~[spring-beans-6.2.18.jar:6.2.18]
	at org.springframework.beans.factory.support.DefaultListableBeanFactory.preInstantiateSingletons(DefaultListableBeanFactory.java:1130) ~[spring-beans-6.2.18.jar:6.2.18]
	at org.springframework.context.support.AbstractApplicationContext.finishBeanFactoryInitialization(AbstractApplicationContext.java:991) ~[spring-context-6.2.18.jar:6.2.18]
	at org.springframework.context.support.AbstractApplicationContext.refresh(AbstractApplicationContext.java:628) ~[spring-context-6.2.18.jar:6.2.18]
	at org.springframework.boot.web.servlet.context.ServletWebServerApplicationContext.refresh(ServletWebServerApplicationContext.java:146) ~[spring-boot-3.5.14.jar:3.5.14]
	at org.springframework.boot.SpringApplication.refresh(SpringApplication.java:752) ~[spring-boot-3.5.14.jar:3.5.14]
	at org.springframework.boot.SpringApplication.refreshContext(SpringApplication.java:439) ~[spring-boot-3.5.14.jar:3.5.14]
	at org.springframework.boot.SpringApplication.run(SpringApplication.java:318) ~[spring-boot-3.5.14.jar:3.5.14]
	at org.springframework.boot.SpringApplication.run(SpringApplication.java:1361) ~[spring-boot-3.5.14.jar:3.5.14]
	at org.springframework.boot.SpringApplication.run(SpringApplication.java:1350) ~[spring-boot-3.5.14.jar:3.5.14]
	at com.ecommerce.order.OrderApplication.main(OrderApplication.java:10) ~[classes/:na]
Caused by: org.springframework.util.PlaceholderResolutionException: Could not resolve placeholder 'rabbitmq.queue.name' in value "${rabbitmq.queue.name}"
	at org.springframework.util.PlaceholderResolutionException.withValue(PlaceholderResolutionException.java:81) ~[spring-core-6.2.18.jar:6.2.18]
	at org.springframework.util.PlaceholderParser$ParsedValue.resolve(PlaceholderParser.java:298) ~[spring-core-6.2.18.jar:6.2.18]
	at org.springframework.util.PlaceholderParser.replacePlaceholders(PlaceholderParser.java:131) ~[spring-core-6.2.18.jar:6.2.18]
	at org.springframework.util.PropertyPlaceholderHelper.replacePlaceholders(PropertyPlaceholderHelper.java:114) ~[spring-core-6.2.18.jar:6.2.18]
	at org.springframework.core.env.AbstractPropertyResolver.doResolvePlaceholders(AbstractPropertyResolver.java:293) ~[spring-core-6.2.18.jar:6.2.18]
	at org.springframework.core.env.AbstractPropertyResolver.resolveRequiredPlaceholders(AbstractPropertyResolver.java:264) ~[spring-core-6.2.18.jar:6.2.18]
	at org.springframework.context.support.PropertySourcesPlaceholderConfigurer.lambda$processProperties$0(PropertySourcesPlaceholderConfigurer.java:186) ~[spring-context-6.2.18.jar:6.2.18]
	at org.springframework.beans.factory.support.AbstractBeanFactory.resolveEmbeddedValue(AbstractBeanFactory.java:970) ~[spring-beans-6.2.18.jar:6.2.18]
	at org.springframework.beans.factory.support.DefaultListableBeanFactory.doResolveDependency(DefaultListableBeanFactory.java:1675) ~[spring-beans-6.2.18.jar:6.2.18]
	at org.springframework.beans.factory.support.DefaultListableBeanFactory.resolveDependency(DefaultListableBeanFactory.java:1653) ~[spring-beans-6.2.18.jar:6.2.18]
	at org.springframework.beans.factory.annotation.AutowiredAnnotationBeanPostProcessor$AutowiredFieldElement.resolveFieldValue(AutowiredAnnotationBeanPostProcessor.java:784) ~[spring-beans-6.2.18.jar:6.2.18]
	at org.springframework.beans.factory.annotation.AutowiredAnnotationBeanPostProcessor$AutowiredFieldElement.inject(AutowiredAnnotationBeanPostProcessor.java:767) ~[spring-beans-6.2.18.jar:6.2.18]
	at org.springframework.beans.factory.annotation.InjectionMetadata.inject(InjectionMetadata.java:146) ~[spring-beans-6.2.18.jar:6.2.18]
	at org.springframework.beans.factory.annotation.AutowiredAnnotationBeanPostProcessor.postProcessProperties(AutowiredAnnotationBeanPostProcessor.java:509) ~[spring-beans-6.2.18.jar:6.2.18]
	... 19 common frames omitted

2026-05-14T16:53:28.170+05:30  INFO 94337 --- [order-service] [main] [                                                 ] com.ecommerce.order.OrderApplication     : Starting OrderApplication using Java 23 with PID 94337 (/Users/kumar/Springboot/Microservices/ecom-microservices/order/target/classes started by kumar in /Users/kumar/Springboot/Microservices/ecom-microservices)
2026-05-14T16:53:28.170+05:30  INFO 94337 --- [order-service] [main] [                                                 ] com.ecommerce.order.OrderApplication     : No active profile set, falling back to 1 default profile: "default"
2026-05-14T16:53:28.187+05:30  INFO 94337 --- [order-service] [main] [                                                 ] o.s.c.c.c.ConfigServerConfigDataLoader   : Fetching config from server at : http://localhost:8888
2026-05-14T16:53:28.187+05:30  INFO 94337 --- [order-service] [main] [                                                 ] o.s.c.c.c.ConfigServerConfigDataLoader   : Located environment: name=order-service, profiles=[default], label=null, version=null, state=null
2026-05-14T16:53:28.773+05:30  INFO 94337 --- [order-service] [main] [                                                 ] .s.d.r.c.RepositoryConfigurationDelegate : Bootstrapping Spring Data JPA repositories in DEFAULT mode.
2026-05-14T16:53:28.835+05:30  INFO 94337 --- [order-service] [main] [                                                 ] .s.d.r.c.RepositoryConfigurationDelegate : Finished Spring Data repository scanning in 58 ms. Found 2 JPA repository interfaces.
2026-05-14T16:53:28.922+05:30  INFO 94337 --- [order-service] [main] [                                                 ] faultConfiguringBeanFactoryPostProcessor : No bean named 'errorChannel' has been explicitly defined. Therefore, a default PublishSubscribeChannel will be created.
2026-05-14T16:53:28.925+05:30  INFO 94337 --- [order-service] [main] [                                                 ] faultConfiguringBeanFactoryPostProcessor : No bean named 'integrationHeaderChannelRegistry' has been explicitly defined. Therefore, a default DefaultHeaderChannelRegistry will be created.
2026-05-14T16:53:29.029+05:30  INFO 94337 --- [order-service] [main] [                                                 ] o.s.cloud.context.scope.GenericScope     : BeanFactory id=f4413ffd-a7d1-39ac-8ce6-dc5e51e816a5
2026-05-14T16:53:29.378+05:30  INFO 94337 --- [order-service] [main] [                                                 ] o.s.b.w.embedded.tomcat.TomcatWebServer  : Tomcat initialized with port 8083 (http)
2026-05-14T16:53:29.383+05:30  INFO 94337 --- [order-service] [main] [                                                 ] o.apache.catalina.core.StandardService   : Starting service [Tomcat]
2026-05-14T16:53:29.383+05:30  INFO 94337 --- [order-service] [main] [                                                 ] o.apache.catalina.core.StandardEngine    : Starting Servlet engine: [Apache Tomcat/10.1.54]
2026-05-14T16:53:29.404+05:30  INFO 94337 --- [order-service] [main] [                                                 ] o.a.c.c.C.[Tomcat].[localhost].[/]       : Initializing Spring embedded WebApplicationContext
2026-05-14T16:53:29.404+05:30  INFO 94337 --- [order-service] [main] [                                                 ] w.s.c.ServletWebServerApplicationContext : Root WebApplicationContext: initialization completed in 1216 ms
2026-05-14T16:53:29.752+05:30  INFO 94337 --- [order-service] [main] [                                                 ] o.hibernate.jpa.internal.util.LogHelper  : HHH000204: Processing PersistenceUnitInfo [name: default]
2026-05-14T16:53:29.774+05:30  INFO 94337 --- [order-service] [main] [                                                 ] org.hibernate.Version                    : HHH000412: Hibernate ORM core version 6.6.49.Final
2026-05-14T16:53:29.786+05:30  INFO 94337 --- [order-service] [main] [                                                 ] o.h.c.internal.RegionFactoryInitiator    : HHH000026: Second-level cache disabled
2026-05-14T16:53:29.882+05:30  INFO 94337 --- [order-service] [main] [                                                 ] o.s.o.j.p.SpringPersistenceUnitInfo      : No LoadTimeWeaver setup: ignoring JPA class transformer
2026-05-14T16:53:29.894+05:30  INFO 94337 --- [order-service] [main] [                                                 ] com.zaxxer.hikari.HikariDataSource       : HikariPool-1 - Starting...
2026-05-14T16:53:30.009+05:30  INFO 94337 --- [order-service] [main] [                                                 ] com.zaxxer.hikari.pool.HikariPool        : HikariPool-1 - Added connection org.postgresql.jdbc.PgConnection@62a78446
2026-05-14T16:53:30.010+05:30  INFO 94337 --- [order-service] [main] [                                                 ] com.zaxxer.hikari.HikariDataSource       : HikariPool-1 - Start completed.
2026-05-14T16:53:30.032+05:30  WARN 94337 --- [order-service] [main] [                                                 ] org.hibernate.orm.deprecation            : HHH90000025: PostgreSQLDialect does not need to be specified explicitly using 'hibernate.dialect' (remove the property setting and it will be selected by default)
2026-05-14T16:53:30.042+05:30  INFO 94337 --- [order-service] [main] [                                                 ] org.hibernate.orm.connections.pooling    : HHH10001005: Database info:
	Database JDBC URL [Connecting through datasource 'HikariDataSource (HikariPool-1)']
	Database driver: undefined/unknown
	Database version: 14.22
	Autocommit mode: undefined/unknown
	Isolation level: undefined/unknown
	Minimum pool size: undefined/unknown
	Maximum pool size: undefined/unknown
2026-05-14T16:53:30.460+05:30  INFO 94337 --- [order-service] [main] [                                                 ] o.h.e.t.j.p.i.JtaPlatformInitiator       : HHH000489: No JTA platform available (set 'hibernate.transaction.jta.platform' to enable JTA platform integration)
2026-05-14T16:53:30.538+05:30  INFO 94337 --- [order-service] [main] [                                                 ] j.LocalContainerEntityManagerFactoryBean : Initialized JPA EntityManagerFactory for persistence unit 'default'
2026-05-14T16:53:30.552+05:30  WARN 94337 --- [order-service] [main] [                                                 ] ConfigServletWebServerApplicationContext : Exception encountered during context initialization - cancelling refresh attempt: org.springframework.beans.factory.BeanCreationException: Error creating bean with name 'rabbitMQConfiguration': Injection of autowired dependencies failed
2026-05-14T16:53:30.552+05:30  INFO 94337 --- [order-service] [main] [                                                 ] j.LocalContainerEntityManagerFactoryBean : Closing JPA EntityManagerFactory for persistence unit 'default'
2026-05-14T16:53:30.553+05:30  INFO 94337 --- [order-service] [main] [                                                 ] com.zaxxer.hikari.HikariDataSource       : HikariPool-1 - Shutdown initiated...
2026-05-14T16:53:30.581+05:30  INFO 94337 --- [order-service] [main] [                                                 ] com.zaxxer.hikari.HikariDataSource       : HikariPool-1 - Shutdown completed.
2026-05-14T16:53:31.585+05:30  WARN 94337 --- [order-service] [main] [                                                 ] z.r.i.AsyncReporter$BoundedAsyncReporter : Timed out waiting for in-flight spans to send
2026-05-14T16:53:31.590+05:30  INFO 94337 --- [order-service] [main] [                                                 ] o.apache.catalina.core.StandardService   : Stopping service [Tomcat]
2026-05-14T16:53:31.616+05:30  INFO 94337 --- [order-service] [main] [                                                 ] .s.b.a.l.ConditionEvaluationReportLogger : 

Error starting ApplicationContext. To display the condition evaluation report re-run your application with 'debug' enabled.
2026-05-14T16:53:31.628+05:30 ERROR 94337 --- [order-service] [main] [                                                 ] o.s.boot.SpringApplication               : Application run failed

org.springframework.beans.factory.BeanCreationException: Error creating bean with name 'rabbitMQConfiguration': Injection of autowired dependencies failed
	at org.springframework.beans.factory.annotation.AutowiredAnnotationBeanPostProcessor.postProcessProperties(AutowiredAnnotationBeanPostProcessor.java:515) ~[spring-beans-6.2.18.jar:6.2.18]
	at org.springframework.beans.factory.support.AbstractAutowireCapableBeanFactory.populateBean(AbstractAutowireCapableBeanFactory.java:1459) ~[spring-beans-6.2.18.jar:6.2.18]
	at org.springframework.beans.factory.support.AbstractAutowireCapableBeanFactory.doCreateBean(AbstractAutowireCapableBeanFactory.java:606) ~[spring-beans-6.2.18.jar:6.2.18]
	at org.springframework.beans.factory.support.AbstractAutowireCapableBeanFactory.createBean(AbstractAutowireCapableBeanFactory.java:529) ~[spring-beans-6.2.18.jar:6.2.18]
	at org.springframework.beans.factory.support.AbstractBeanFactory.lambda$doGetBean$0(AbstractBeanFactory.java:339) ~[spring-beans-6.2.18.jar:6.2.18]
	at org.springframework.beans.factory.support.DefaultSingletonBeanRegistry.getSingleton(DefaultSingletonBeanRegistry.java:373) ~[spring-beans-6.2.18.jar:6.2.18]
	at org.springframework.beans.factory.support.AbstractBeanFactory.doGetBean(AbstractBeanFactory.java:337) ~[spring-beans-6.2.18.jar:6.2.18]
	at org.springframework.beans.factory.support.AbstractBeanFactory.getBean(AbstractBeanFactory.java:202) ~[spring-beans-6.2.18.jar:6.2.18]
	at org.springframework.beans.factory.support.DefaultListableBeanFactory.instantiateSingleton(DefaultListableBeanFactory.java:1228) ~[spring-beans-6.2.18.jar:6.2.18]
	at org.springframework.beans.factory.support.DefaultListableBeanFactory.preInstantiateSingleton(DefaultListableBeanFactory.java:1194) ~[spring-beans-6.2.18.jar:6.2.18]
	at org.springframework.beans.factory.support.DefaultListableBeanFactory.preInstantiateSingletons(DefaultListableBeanFactory.java:1130) ~[spring-beans-6.2.18.jar:6.2.18]
	at org.springframework.context.support.AbstractApplicationContext.finishBeanFactoryInitialization(AbstractApplicationContext.java:991) ~[spring-context-6.2.18.jar:6.2.18]
	at org.springframework.context.support.AbstractApplicationContext.refresh(AbstractApplicationContext.java:628) ~[spring-context-6.2.18.jar:6.2.18]
	at org.springframework.boot.web.servlet.context.ServletWebServerApplicationContext.refresh(ServletWebServerApplicationContext.java:146) ~[spring-boot-3.5.14.jar:3.5.14]
	at org.springframework.boot.SpringApplication.refresh(SpringApplication.java:752) ~[spring-boot-3.5.14.jar:3.5.14]
	at org.springframework.boot.SpringApplication.refreshContext(SpringApplication.java:439) ~[spring-boot-3.5.14.jar:3.5.14]
	at org.springframework.boot.SpringApplication.run(SpringApplication.java:318) ~[spring-boot-3.5.14.jar:3.5.14]
	at org.springframework.boot.SpringApplication.run(SpringApplication.java:1361) ~[spring-boot-3.5.14.jar:3.5.14]
	at org.springframework.boot.SpringApplication.run(SpringApplication.java:1350) ~[spring-boot-3.5.14.jar:3.5.14]
	at com.ecommerce.order.OrderApplication.main(OrderApplication.java:10) ~[classes/:na]
Caused by: org.springframework.util.PlaceholderResolutionException: Could not resolve placeholder 'rabbitmq.queue.name' in value "${rabbitmq.queue.name}"
	at org.springframework.util.PlaceholderResolutionException.withValue(PlaceholderResolutionException.java:81) ~[spring-core-6.2.18.jar:6.2.18]
	at org.springframework.util.PlaceholderParser$ParsedValue.resolve(PlaceholderParser.java:298) ~[spring-core-6.2.18.jar:6.2.18]
	at org.springframework.util.PlaceholderParser.replacePlaceholders(PlaceholderParser.java:131) ~[spring-core-6.2.18.jar:6.2.18]
	at org.springframework.util.PropertyPlaceholderHelper.replacePlaceholders(PropertyPlaceholderHelper.java:114) ~[spring-core-6.2.18.jar:6.2.18]
	at org.springframework.core.env.AbstractPropertyResolver.doResolvePlaceholders(AbstractPropertyResolver.java:293) ~[spring-core-6.2.18.jar:6.2.18]
	at org.springframework.core.env.AbstractPropertyResolver.resolveRequiredPlaceholders(AbstractPropertyResolver.java:264) ~[spring-core-6.2.18.jar:6.2.18]
	at org.springframework.context.support.PropertySourcesPlaceholderConfigurer.lambda$processProperties$0(PropertySourcesPlaceholderConfigurer.java:186) ~[spring-context-6.2.18.jar:6.2.18]
	at org.springframework.beans.factory.support.AbstractBeanFactory.resolveEmbeddedValue(AbstractBeanFactory.java:970) ~[spring-beans-6.2.18.jar:6.2.18]
	at org.springframework.beans.factory.support.DefaultListableBeanFactory.doResolveDependency(DefaultListableBeanFactory.java:1675) ~[spring-beans-6.2.18.jar:6.2.18]
	at org.springframework.beans.factory.support.DefaultListableBeanFactory.resolveDependency(DefaultListableBeanFactory.java:1653) ~[spring-beans-6.2.18.jar:6.2.18]
	at org.springframework.beans.factory.annotation.AutowiredAnnotationBeanPostProcessor$AutowiredFieldElement.resolveFieldValue(AutowiredAnnotationBeanPostProcessor.java:784) ~[spring-beans-6.2.18.jar:6.2.18]
	at org.springframework.beans.factory.annotation.AutowiredAnnotationBeanPostProcessor$AutowiredFieldElement.inject(AutowiredAnnotationBeanPostProcessor.java:767) ~[spring-beans-6.2.18.jar:6.2.18]
	at org.springframework.beans.factory.annotation.InjectionMetadata.inject(InjectionMetadata.java:146) ~[spring-beans-6.2.18.jar:6.2.18]
	at org.springframework.beans.factory.annotation.AutowiredAnnotationBeanPostProcessor.postProcessProperties(AutowiredAnnotationBeanPostProcessor.java:509) ~[spring-beans-6.2.18.jar:6.2.18]
	... 19 common frames omitted

2026-05-14T16:55:39.788+05:30  INFO 94401 --- [order-service] [main] [                                                 ] com.ecommerce.order.OrderApplication     : Starting OrderApplication using Java 23 with PID 94401 (/Users/kumar/Springboot/Microservices/ecom-microservices/order/target/classes started by kumar in /Users/kumar/Springboot/Microservices/ecom-microservices)
2026-05-14T16:55:39.789+05:30  INFO 94401 --- [order-service] [main] [                                                 ] com.ecommerce.order.OrderApplication     : No active profile set, falling back to 1 default profile: "default"
2026-05-14T16:55:39.808+05:30  INFO 94401 --- [order-service] [main] [                                                 ] o.s.c.c.c.ConfigServerConfigDataLoader   : Fetching config from server at : http://localhost:8888
2026-05-14T16:55:39.809+05:30  INFO 94401 --- [order-service] [main] [                                                 ] o.s.c.c.c.ConfigServerConfigDataLoader   : Located environment: name=order-service, profiles=[default], label=null, version=null, state=null
2026-05-14T16:55:40.446+05:30  INFO 94401 --- [order-service] [main] [                                                 ] .s.d.r.c.RepositoryConfigurationDelegate : Bootstrapping Spring Data JPA repositories in DEFAULT mode.
2026-05-14T16:55:40.526+05:30  INFO 94401 --- [order-service] [main] [                                                 ] .s.d.r.c.RepositoryConfigurationDelegate : Finished Spring Data repository scanning in 76 ms. Found 2 JPA repository interfaces.
2026-05-14T16:55:40.622+05:30  INFO 94401 --- [order-service] [main] [                                                 ] faultConfiguringBeanFactoryPostProcessor : No bean named 'errorChannel' has been explicitly defined. Therefore, a default PublishSubscribeChannel will be created.
2026-05-14T16:55:40.625+05:30  INFO 94401 --- [order-service] [main] [                                                 ] faultConfiguringBeanFactoryPostProcessor : No bean named 'integrationHeaderChannelRegistry' has been explicitly defined. Therefore, a default DefaultHeaderChannelRegistry will be created.
2026-05-14T16:55:40.711+05:30  INFO 94401 --- [order-service] [main] [                                                 ] o.s.cloud.context.scope.GenericScope     : BeanFactory id=f4413ffd-a7d1-39ac-8ce6-dc5e51e816a5
2026-05-14T16:55:41.139+05:30  INFO 94401 --- [order-service] [main] [                                                 ] o.s.b.w.embedded.tomcat.TomcatWebServer  : Tomcat initialized with port 8083 (http)
2026-05-14T16:55:41.145+05:30  INFO 94401 --- [order-service] [main] [                                                 ] o.apache.catalina.core.StandardService   : Starting service [Tomcat]
2026-05-14T16:55:41.145+05:30  INFO 94401 --- [order-service] [main] [                                                 ] o.apache.catalina.core.StandardEngine    : Starting Servlet engine: [Apache Tomcat/10.1.54]
2026-05-14T16:55:41.167+05:30  INFO 94401 --- [order-service] [main] [                                                 ] o.a.c.c.C.[Tomcat].[localhost].[/]       : Initializing Spring embedded WebApplicationContext
2026-05-14T16:55:41.167+05:30  INFO 94401 --- [order-service] [main] [                                                 ] w.s.c.ServletWebServerApplicationContext : Root WebApplicationContext: initialization completed in 1356 ms
2026-05-14T16:55:41.675+05:30  INFO 94401 --- [order-service] [main] [                                                 ] o.hibernate.jpa.internal.util.LogHelper  : HHH000204: Processing PersistenceUnitInfo [name: default]
2026-05-14T16:55:41.700+05:30  INFO 94401 --- [order-service] [main] [                                                 ] org.hibernate.Version                    : HHH000412: Hibernate ORM core version 6.6.49.Final
2026-05-14T16:55:41.714+05:30  INFO 94401 --- [order-service] [main] [                                                 ] o.h.c.internal.RegionFactoryInitiator    : HHH000026: Second-level cache disabled
2026-05-14T16:55:41.825+05:30  INFO 94401 --- [order-service] [main] [                                                 ] o.s.o.j.p.SpringPersistenceUnitInfo      : No LoadTimeWeaver setup: ignoring JPA class transformer
2026-05-14T16:55:41.839+05:30  INFO 94401 --- [order-service] [main] [                                                 ] com.zaxxer.hikari.HikariDataSource       : HikariPool-1 - Starting...
2026-05-14T16:55:41.948+05:30  INFO 94401 --- [order-service] [main] [                                                 ] com.zaxxer.hikari.pool.HikariPool        : HikariPool-1 - Added connection org.postgresql.jdbc.PgConnection@42e14655
2026-05-14T16:55:41.949+05:30  INFO 94401 --- [order-service] [main] [                                                 ] com.zaxxer.hikari.HikariDataSource       : HikariPool-1 - Start completed.
2026-05-14T16:55:41.980+05:30  WARN 94401 --- [order-service] [main] [                                                 ] org.hibernate.orm.deprecation            : HHH90000025: PostgreSQLDialect does not need to be specified explicitly using 'hibernate.dialect' (remove the property setting and it will be selected by default)
2026-05-14T16:55:41.989+05:30  INFO 94401 --- [order-service] [main] [                                                 ] org.hibernate.orm.connections.pooling    : HHH10001005: Database info:
	Database JDBC URL [Connecting through datasource 'HikariDataSource (HikariPool-1)']
	Database driver: undefined/unknown
	Database version: 14.22
	Autocommit mode: undefined/unknown
	Isolation level: undefined/unknown
	Minimum pool size: undefined/unknown
	Maximum pool size: undefined/unknown
2026-05-14T16:55:42.481+05:30  INFO 94401 --- [order-service] [main] [                                                 ] o.h.e.t.j.p.i.JtaPlatformInitiator       : HHH000489: No JTA platform available (set 'hibernate.transaction.jta.platform' to enable JTA platform integration)
2026-05-14T16:55:42.582+05:30  INFO 94401 --- [order-service] [main] [                                                 ] j.LocalContainerEntityManagerFactoryBean : Initialized JPA EntityManagerFactory for persistence unit 'default'
2026-05-14T16:55:42.598+05:30  WARN 94401 --- [order-service] [main] [                                                 ] ConfigServletWebServerApplicationContext : Exception encountered during context initialization - cancelling refresh attempt: org.springframework.beans.factory.BeanCreationException: Error creating bean with name 'rabbitMQConfiguration': Injection of autowired dependencies failed
2026-05-14T16:55:42.598+05:30  INFO 94401 --- [order-service] [main] [                                                 ] j.LocalContainerEntityManagerFactoryBean : Closing JPA EntityManagerFactory for persistence unit 'default'
2026-05-14T16:55:42.599+05:30  INFO 94401 --- [order-service] [main] [                                                 ] com.zaxxer.hikari.HikariDataSource       : HikariPool-1 - Shutdown initiated...
2026-05-14T16:55:42.601+05:30  INFO 94401 --- [order-service] [main] [                                                 ] com.zaxxer.hikari.HikariDataSource       : HikariPool-1 - Shutdown completed.
2026-05-14T16:55:43.603+05:30  WARN 94401 --- [order-service] [main] [                                                 ] z.r.i.AsyncReporter$BoundedAsyncReporter : Timed out waiting for in-flight spans to send
2026-05-14T16:55:43.608+05:30  INFO 94401 --- [order-service] [main] [                                                 ] o.apache.catalina.core.StandardService   : Stopping service [Tomcat]
2026-05-14T16:55:43.631+05:30  INFO 94401 --- [order-service] [main] [                                                 ] .s.b.a.l.ConditionEvaluationReportLogger : 

Error starting ApplicationContext. To display the condition evaluation report re-run your application with 'debug' enabled.
2026-05-14T16:55:43.642+05:30 ERROR 94401 --- [order-service] [main] [                                                 ] o.s.boot.SpringApplication               : Application run failed

org.springframework.beans.factory.BeanCreationException: Error creating bean with name 'rabbitMQConfiguration': Injection of autowired dependencies failed
	at org.springframework.beans.factory.annotation.AutowiredAnnotationBeanPostProcessor.postProcessProperties(AutowiredAnnotationBeanPostProcessor.java:515) ~[spring-beans-6.2.18.jar:6.2.18]
	at org.springframework.beans.factory.support.AbstractAutowireCapableBeanFactory.populateBean(AbstractAutowireCapableBeanFactory.java:1459) ~[spring-beans-6.2.18.jar:6.2.18]
	at org.springframework.beans.factory.support.AbstractAutowireCapableBeanFactory.doCreateBean(AbstractAutowireCapableBeanFactory.java:606) ~[spring-beans-6.2.18.jar:6.2.18]
	at org.springframework.beans.factory.support.AbstractAutowireCapableBeanFactory.createBean(AbstractAutowireCapableBeanFactory.java:529) ~[spring-beans-6.2.18.jar:6.2.18]
	at org.springframework.beans.factory.support.AbstractBeanFactory.lambda$doGetBean$0(AbstractBeanFactory.java:339) ~[spring-beans-6.2.18.jar:6.2.18]
	at org.springframework.beans.factory.support.DefaultSingletonBeanRegistry.getSingleton(DefaultSingletonBeanRegistry.java:373) ~[spring-beans-6.2.18.jar:6.2.18]
	at org.springframework.beans.factory.support.AbstractBeanFactory.doGetBean(AbstractBeanFactory.java:337) ~[spring-beans-6.2.18.jar:6.2.18]
	at org.springframework.beans.factory.support.AbstractBeanFactory.getBean(AbstractBeanFactory.java:202) ~[spring-beans-6.2.18.jar:6.2.18]
	at org.springframework.beans.factory.support.DefaultListableBeanFactory.instantiateSingleton(DefaultListableBeanFactory.java:1228) ~[spring-beans-6.2.18.jar:6.2.18]
	at org.springframework.beans.factory.support.DefaultListableBeanFactory.preInstantiateSingleton(DefaultListableBeanFactory.java:1194) ~[spring-beans-6.2.18.jar:6.2.18]
	at org.springframework.beans.factory.support.DefaultListableBeanFactory.preInstantiateSingletons(DefaultListableBeanFactory.java:1130) ~[spring-beans-6.2.18.jar:6.2.18]
	at org.springframework.context.support.AbstractApplicationContext.finishBeanFactoryInitialization(AbstractApplicationContext.java:991) ~[spring-context-6.2.18.jar:6.2.18]
	at org.springframework.context.support.AbstractApplicationContext.refresh(AbstractApplicationContext.java:628) ~[spring-context-6.2.18.jar:6.2.18]
	at org.springframework.boot.web.servlet.context.ServletWebServerApplicationContext.refresh(ServletWebServerApplicationContext.java:146) ~[spring-boot-3.5.14.jar:3.5.14]
	at org.springframework.boot.SpringApplication.refresh(SpringApplication.java:752) ~[spring-boot-3.5.14.jar:3.5.14]
	at org.springframework.boot.SpringApplication.refreshContext(SpringApplication.java:439) ~[spring-boot-3.5.14.jar:3.5.14]
	at org.springframework.boot.SpringApplication.run(SpringApplication.java:318) ~[spring-boot-3.5.14.jar:3.5.14]
	at org.springframework.boot.SpringApplication.run(SpringApplication.java:1361) ~[spring-boot-3.5.14.jar:3.5.14]
	at org.springframework.boot.SpringApplication.run(SpringApplication.java:1350) ~[spring-boot-3.5.14.jar:3.5.14]
	at com.ecommerce.order.OrderApplication.main(OrderApplication.java:10) ~[classes/:na]
Caused by: org.springframework.util.PlaceholderResolutionException: Could not resolve placeholder 'rabbitmq.queue.name' in value "${rabbitmq.queue.name}"
	at org.springframework.util.PlaceholderResolutionException.withValue(PlaceholderResolutionException.java:81) ~[spring-core-6.2.18.jar:6.2.18]
	at org.springframework.util.PlaceholderParser$ParsedValue.resolve(PlaceholderParser.java:298) ~[spring-core-6.2.18.jar:6.2.18]
	at org.springframework.util.PlaceholderParser.replacePlaceholders(PlaceholderParser.java:131) ~[spring-core-6.2.18.jar:6.2.18]
	at org.springframework.util.PropertyPlaceholderHelper.replacePlaceholders(PropertyPlaceholderHelper.java:114) ~[spring-core-6.2.18.jar:6.2.18]
	at org.springframework.core.env.AbstractPropertyResolver.doResolvePlaceholders(AbstractPropertyResolver.java:293) ~[spring-core-6.2.18.jar:6.2.18]
	at org.springframework.core.env.AbstractPropertyResolver.resolveRequiredPlaceholders(AbstractPropertyResolver.java:264) ~[spring-core-6.2.18.jar:6.2.18]
	at org.springframework.context.support.PropertySourcesPlaceholderConfigurer.lambda$processProperties$0(PropertySourcesPlaceholderConfigurer.java:186) ~[spring-context-6.2.18.jar:6.2.18]
	at org.springframework.beans.factory.support.AbstractBeanFactory.resolveEmbeddedValue(AbstractBeanFactory.java:970) ~[spring-beans-6.2.18.jar:6.2.18]
	at org.springframework.beans.factory.support.DefaultListableBeanFactory.doResolveDependency(DefaultListableBeanFactory.java:1675) ~[spring-beans-6.2.18.jar:6.2.18]
	at org.springframework.beans.factory.support.DefaultListableBeanFactory.resolveDependency(DefaultListableBeanFactory.java:1653) ~[spring-beans-6.2.18.jar:6.2.18]
	at org.springframework.beans.factory.annotation.AutowiredAnnotationBeanPostProcessor$AutowiredFieldElement.resolveFieldValue(AutowiredAnnotationBeanPostProcessor.java:784) ~[spring-beans-6.2.18.jar:6.2.18]
	at org.springframework.beans.factory.annotation.AutowiredAnnotationBeanPostProcessor$AutowiredFieldElement.inject(AutowiredAnnotationBeanPostProcessor.java:767) ~[spring-beans-6.2.18.jar:6.2.18]
	at org.springframework.beans.factory.annotation.InjectionMetadata.inject(InjectionMetadata.java:146) ~[spring-beans-6.2.18.jar:6.2.18]
	at org.springframework.beans.factory.annotation.AutowiredAnnotationBeanPostProcessor.postProcessProperties(AutowiredAnnotationBeanPostProcessor.java:509) ~[spring-beans-6.2.18.jar:6.2.18]
	... 19 common frames omitted

2026-05-14T17:08:28.259+05:30  INFO 94882 --- [order-service] [main] [                                                 ] com.ecommerce.order.OrderApplication     : Starting OrderApplication using Java 23 with PID 94882 (/Users/kumar/Springboot/Microservices/ecom-microservices/order/target/classes started by kumar in /Users/kumar/Springboot/Microservices/ecom-microservices)
2026-05-14T17:08:28.261+05:30  INFO 94882 --- [order-service] [main] [                                                 ] com.ecommerce.order.OrderApplication     : No active profile set, falling back to 1 default profile: "default"
2026-05-14T17:08:28.290+05:30  INFO 94882 --- [order-service] [main] [                                                 ] o.s.c.c.c.ConfigServerConfigDataLoader   : Fetching config from server at : http://localhost:8888
2026-05-14T17:08:28.291+05:30  INFO 94882 --- [order-service] [main] [                                                 ] o.s.c.c.c.ConfigServerConfigDataLoader   : Located environment: name=order-service, profiles=[default], label=null, version=null, state=null
2026-05-14T17:08:28.990+05:30  INFO 94882 --- [order-service] [main] [                                                 ] .s.d.r.c.RepositoryConfigurationDelegate : Bootstrapping Spring Data JPA repositories in DEFAULT mode.
2026-05-14T17:08:29.052+05:30  INFO 94882 --- [order-service] [main] [                                                 ] .s.d.r.c.RepositoryConfigurationDelegate : Finished Spring Data repository scanning in 57 ms. Found 2 JPA repository interfaces.
2026-05-14T17:08:29.143+05:30  INFO 94882 --- [order-service] [main] [                                                 ] faultConfiguringBeanFactoryPostProcessor : No bean named 'errorChannel' has been explicitly defined. Therefore, a default PublishSubscribeChannel will be created.
2026-05-14T17:08:29.147+05:30  INFO 94882 --- [order-service] [main] [                                                 ] faultConfiguringBeanFactoryPostProcessor : No bean named 'integrationHeaderChannelRegistry' has been explicitly defined. Therefore, a default DefaultHeaderChannelRegistry will be created.
2026-05-14T17:08:29.239+05:30  INFO 94882 --- [order-service] [main] [                                                 ] o.s.cloud.context.scope.GenericScope     : BeanFactory id=f4413ffd-a7d1-39ac-8ce6-dc5e51e816a5
2026-05-14T17:08:29.608+05:30  INFO 94882 --- [order-service] [main] [                                                 ] o.s.b.w.embedded.tomcat.TomcatWebServer  : Tomcat initialized with port 8083 (http)
2026-05-14T17:08:29.614+05:30  INFO 94882 --- [order-service] [main] [                                                 ] o.apache.catalina.core.StandardService   : Starting service [Tomcat]
2026-05-14T17:08:29.615+05:30  INFO 94882 --- [order-service] [main] [                                                 ] o.apache.catalina.core.StandardEngine    : Starting Servlet engine: [Apache Tomcat/10.1.54]
2026-05-14T17:08:29.652+05:30  INFO 94882 --- [order-service] [main] [                                                 ] o.a.c.c.C.[Tomcat].[localhost].[/]       : Initializing Spring embedded WebApplicationContext
2026-05-14T17:08:29.652+05:30  INFO 94882 --- [order-service] [main] [                                                 ] w.s.c.ServletWebServerApplicationContext : Root WebApplicationContext: initialization completed in 1360 ms
2026-05-14T17:08:30.054+05:30  INFO 94882 --- [order-service] [main] [                                                 ] o.hibernate.jpa.internal.util.LogHelper  : HHH000204: Processing PersistenceUnitInfo [name: default]
2026-05-14T17:08:30.092+05:30  INFO 94882 --- [order-service] [main] [                                                 ] org.hibernate.Version                    : HHH000412: Hibernate ORM core version 6.6.49.Final
2026-05-14T17:08:30.106+05:30  INFO 94882 --- [order-service] [main] [                                                 ] o.h.c.internal.RegionFactoryInitiator    : HHH000026: Second-level cache disabled
2026-05-14T17:08:30.242+05:30  INFO 94882 --- [order-service] [main] [                                                 ] o.s.o.j.p.SpringPersistenceUnitInfo      : No LoadTimeWeaver setup: ignoring JPA class transformer
2026-05-14T17:08:30.255+05:30  INFO 94882 --- [order-service] [main] [                                                 ] com.zaxxer.hikari.HikariDataSource       : HikariPool-1 - Starting...
2026-05-14T17:08:30.404+05:30  INFO 94882 --- [order-service] [main] [                                                 ] com.zaxxer.hikari.pool.HikariPool        : HikariPool-1 - Added connection org.postgresql.jdbc.PgConnection@69bdcfbc
2026-05-14T17:08:30.405+05:30  INFO 94882 --- [order-service] [main] [                                                 ] com.zaxxer.hikari.HikariDataSource       : HikariPool-1 - Start completed.
2026-05-14T17:08:30.454+05:30  WARN 94882 --- [order-service] [main] [                                                 ] org.hibernate.orm.deprecation            : HHH90000025: PostgreSQLDialect does not need to be specified explicitly using 'hibernate.dialect' (remove the property setting and it will be selected by default)
2026-05-14T17:08:30.471+05:30  INFO 94882 --- [order-service] [main] [                                                 ] org.hibernate.orm.connections.pooling    : HHH10001005: Database info:
	Database JDBC URL [Connecting through datasource 'HikariDataSource (HikariPool-1)']
	Database driver: undefined/unknown
	Database version: 14.22
	Autocommit mode: undefined/unknown
	Isolation level: undefined/unknown
	Minimum pool size: undefined/unknown
	Maximum pool size: undefined/unknown
2026-05-14T17:08:31.024+05:30  INFO 94882 --- [order-service] [main] [                                                 ] o.h.e.t.j.p.i.JtaPlatformInitiator       : HHH000489: No JTA platform available (set 'hibernate.transaction.jta.platform' to enable JTA platform integration)
2026-05-14T17:08:31.184+05:30  INFO 94882 --- [order-service] [main] [                                                 ] j.LocalContainerEntityManagerFactoryBean : Initialized JPA EntityManagerFactory for persistence unit 'default'
2026-05-14T17:08:31.883+05:30  WARN 94882 --- [order-service] [main] [                                                 ] JpaBaseConfiguration$JpaWebConfiguration : spring.jpa.open-in-view is enabled by default. Therefore, database queries may be performed during view rendering. Explicitly configure spring.jpa.open-in-view to disable this warning
2026-05-14T17:08:32.803+05:30  INFO 94882 --- [order-service] [main] [                                                 ] DiscoveryClientOptionalArgsConfiguration : Eureka HTTP Client uses RestTemplate.
2026-05-14T17:08:32.859+05:30  WARN 94882 --- [order-service] [main] [                                                 ] iguration$LoadBalancerCaffeineWarnLogger : Spring Cloud LoadBalancer is currently working with the default cache. While this cache implementation is useful for development and tests, it's recommended to use Caffeine cache in production.You can switch to using Caffeine cache, by adding it and org.springframework.cache.caffeine.CaffeineCacheManager to the classpath.
2026-05-14T17:08:32.867+05:30  INFO 94882 --- [order-service] [main] [                                                 ] o.s.b.a.e.web.EndpointLinksResolver      : Exposing 32 endpoints beneath base path '/actuator'
2026-05-14T17:08:33.005+05:30  INFO 94882 --- [order-service] [main] [                                                 ] figuration$IntegrationJmxConfiguration$1 : Registering MessageChannel errorChannel
2026-05-14T17:08:33.008+05:30  INFO 94882 --- [order-service] [main] [                                                 ] figuration$IntegrationJmxConfiguration$1 : Registering MessageChannel nullChannel
2026-05-14T17:08:33.014+05:30  INFO 94882 --- [order-service] [main] [                                                 ] figuration$IntegrationJmxConfiguration$1 : Registering MessageHandler _org.springframework.integration.errorLogger
2026-05-14T17:08:33.021+05:30  INFO 94882 --- [order-service] [main] [                                                 ] o.s.i.endpoint.EventDrivenConsumer       : Adding {logging-channel-adapter:_org.springframework.integration.errorLogger} as a subscriber to the 'errorChannel' channel
2026-05-14T17:08:33.022+05:30  INFO 94882 --- [order-service] [main] [                                                 ] o.s.i.channel.PublishSubscribeChannel    : Channel 'order-service.errorChannel' has 1 subscriber(s).
2026-05-14T17:08:33.022+05:30  INFO 94882 --- [order-service] [main] [                                                 ] o.s.i.endpoint.EventDrivenConsumer       : started bean '_org.springframework.integration.errorLogger'
2026-05-14T17:08:33.056+05:30  INFO 94882 --- [order-service] [main] [                                                 ] o.s.c.n.eureka.InstanceInfoFactory       : Setting initial instance status as: STARTING
2026-05-14T17:08:33.069+05:30  INFO 94882 --- [order-service] [main] [                                                 ] com.netflix.discovery.DiscoveryClient    : Initializing Eureka in region us-east-1
2026-05-14T17:08:33.071+05:30  INFO 94882 --- [order-service] [main] [                                                 ] c.n.d.s.r.aws.ConfigClusterResolver      : Resolving eureka endpoints via configuration
2026-05-14T17:08:33.075+05:30  INFO 94882 --- [order-service] [main] [                                                 ] com.netflix.discovery.DiscoveryClient    : Disable delta property : false
2026-05-14T17:08:33.075+05:30  INFO 94882 --- [order-service] [main] [                                                 ] com.netflix.discovery.DiscoveryClient    : Single vip registry refresh property : null
2026-05-14T17:08:33.075+05:30  INFO 94882 --- [order-service] [main] [                                                 ] com.netflix.discovery.DiscoveryClient    : Force full registry fetch : false
2026-05-14T17:08:33.075+05:30  INFO 94882 --- [order-service] [main] [                                                 ] com.netflix.discovery.DiscoveryClient    : Application is null : false
2026-05-14T17:08:33.075+05:30  INFO 94882 --- [order-service] [main] [                                                 ] com.netflix.discovery.DiscoveryClient    : Registered Applications size is zero : true
2026-05-14T17:08:33.076+05:30  INFO 94882 --- [order-service] [main] [                                                 ] com.netflix.discovery.DiscoveryClient    : Application version is -1: true
2026-05-14T17:08:33.076+05:30  INFO 94882 --- [order-service] [main] [                                                 ] com.netflix.discovery.DiscoveryClient    : Getting all instance registry info from the eureka server
2026-05-14T17:08:33.186+05:30  INFO 94882 --- [order-service] [main] [                                                 ] com.netflix.discovery.DiscoveryClient    : The response status is 200
2026-05-14T17:08:33.187+05:30  INFO 94882 --- [order-service] [main] [                                                 ] com.netflix.discovery.DiscoveryClient    : Starting heartbeat executor: renew interval is: 30
2026-05-14T17:08:33.188+05:30  INFO 94882 --- [order-service] [main] [                                                 ] c.n.discovery.InstanceInfoReplicator     : InstanceInfoReplicator onDemand update allowed rate per min is 4
2026-05-14T17:08:33.188+05:30  INFO 94882 --- [order-service] [main] [                                                 ] com.netflix.discovery.DiscoveryClient    : Discovery Client initialized at timestamp 1778758713188 with initial instances count: 3
2026-05-14T17:08:33.195+05:30  INFO 94882 --- [order-service] [main] [                                                 ] o.s.c.n.e.s.EurekaServiceRegistry        : Registering application ORDER-SERVICE with eureka with status UP
2026-05-14T17:08:33.196+05:30  INFO 94882 --- [order-service] [main] [                                                 ] com.netflix.discovery.DiscoveryClient    : Saw local status change event StatusChangeEvent [timestamp=1778758713196, current=UP, previous=STARTING]
2026-05-14T17:08:33.196+05:30  INFO 94882 --- [order-service] [DiscoveryClient-InstanceInfoReplicator-%d] [                                                 ] com.netflix.discovery.DiscoveryClient    : DiscoveryClient_ORDER-SERVICE/192.168.1.50:order-service:8083: registering service...
2026-05-14T17:08:33.202+05:30  INFO 94882 --- [order-service] [main] [                                                 ] o.s.b.w.embedded.tomcat.TomcatWebServer  : Tomcat started on port 8083 (http) with context path '/'
2026-05-14T17:08:33.202+05:30  INFO 94882 --- [order-service] [main] [                                                 ] .s.c.n.e.s.EurekaAutoServiceRegistration : Updating port to 8083
2026-05-14T17:08:33.229+05:30  INFO 94882 --- [order-service] [main] [                                                 ] com.ecommerce.order.OrderApplication     : Started OrderApplication in 7.0 seconds (process running for 8.387)
2026-05-14T17:08:33.251+05:30  INFO 94882 --- [order-service] [DiscoveryClient-InstanceInfoReplicator-%d] [                                                 ] com.netflix.discovery.DiscoveryClient    : DiscoveryClient_ORDER-SERVICE/192.168.1.50:order-service:8083 - registration status: 204
2026-05-14T17:08:33.528+05:30  INFO 94882 --- [order-service] [RMI TCP Connection(4)-127.0.0.1] [                                                 ] o.a.c.c.C.[Tomcat].[localhost].[/]       : Initializing Spring DispatcherServlet 'dispatcherServlet'
2026-05-14T17:08:33.528+05:30  INFO 94882 --- [order-service] [RMI TCP Connection(4)-127.0.0.1] [                                                 ] o.s.web.servlet.DispatcherServlet        : Initializing Servlet 'dispatcherServlet'
2026-05-14T17:08:33.529+05:30  INFO 94882 --- [order-service] [RMI TCP Connection(4)-127.0.0.1] [                                                 ] o.s.web.servlet.DispatcherServlet        : Completed initialization in 1 ms
2026-05-14T17:08:33.529+05:30  INFO 94882 --- [order-service] [RMI TCP Connection(1)-127.0.0.1] [                                                 ] o.s.a.r.c.CachingConnectionFactory       : Attempting to connect to: [moose.rmq.cloudamqp.com:5672]
2026-05-14T17:08:35.279+05:30  INFO 94882 --- [order-service] [RMI TCP Connection(1)-127.0.0.1] [                                                 ] o.s.a.r.c.CachingConnectionFactory       : Created new connection: rabbitConnectionFactory#5ca01e01:0/SimpleConnection@30e9dd47 [delegate=amqp://yrpyuppa@44.223.162.67:5672/yrpyuppa, localPort=55475]
2026-05-14T17:12:07.916+05:30  INFO 94882 --- [order-service] [http-nio-8083-exec-8] [6a05b50f533adadf2755f1d28a335761-933b38ba41993ff1] o.s.c.s.binder.DefaultBinderFactory      : Creating binder: rabbit
2026-05-14T17:12:07.928+05:30  INFO 94882 --- [order-service] [http-nio-8083-exec-8] [6a05b50f533adadf2755f1d28a335761-933b38ba41993ff1] o.s.c.s.binder.DefaultBinderFactory      : Constructing binder child context for rabbit
2026-05-14T17:12:08.375+05:30  INFO 94882 --- [order-service] [http-nio-8083-exec-8] [6a05b50f533adadf2755f1d28a335761-933b38ba41993ff1] o.s.c.s.binder.DefaultBinderFactory      : Caching the binder: rabbit
2026-05-14T17:12:08.653+05:30  INFO 94882 --- [order-service] [http-nio-8083-exec-8] [6a05b50f533adadf2755f1d28a335761-933b38ba41993ff1] o.s.c.s.m.DirectWithAttributesChannel    : Channel 'order-service.createOrder-out-0' has 1 subscriber(s).
2026-05-14T17:12:08.724+05:30  INFO 94882 --- [order-service] [http-nio-8083-exec-8] [6a05b50f533adadf2755f1d28a335761-f63fe7ae61d8f6ee] o.s.a.r.c.CachingConnectionFactory       : Attempting to connect to: [moose.rmq.cloudamqp.com:5672]
2026-05-14T17:12:10.044+05:30  INFO 94882 --- [order-service] [http-nio-8083-exec-8] [6a05b50f533adadf2755f1d28a335761-f63fe7ae61d8f6ee] o.s.a.r.c.CachingConnectionFactory       : Created new connection: rabbitConnectionFactory.publisher#6970733c:0/SimpleConnection@34231f3f [delegate=amqp://yrpyuppa@44.223.162.67:5672/yrpyuppa, localPort=55620]
2026-05-14T17:13:33.105+05:30  INFO 94882 --- [order-service] [AsyncResolver-bootstrap-executor-%d] [                                                 ] c.n.d.s.r.aws.ConfigClusterResolver      : Resolving eureka endpoints via configuration
2026-05-14T17:18:33.146+05:30  INFO 94882 --- [order-service] [AsyncResolver-bootstrap-executor-%d] [                                                 ] c.n.d.s.r.aws.ConfigClusterResolver      : Resolving eureka endpoints via configuration
2026-05-14T17:19:42.020+05:30  INFO 94882 --- [order-service] [SpringApplicationShutdownHook] [                                                 ] o.s.c.n.e.s.EurekaServiceRegistry        : Unregistering application ORDER-SERVICE with eureka with status DOWN
2026-05-14T17:19:42.028+05:30  INFO 94882 --- [order-service] [SpringApplicationShutdownHook] [                                                 ] com.netflix.discovery.DiscoveryClient    : Saw local status change event StatusChangeEvent [timestamp=1778759382027, current=DOWN, previous=UP]
2026-05-14T17:19:42.030+05:30  INFO 94882 --- [order-service] [DiscoveryClient-InstanceInfoReplicator-%d] [                                                 ] com.netflix.discovery.DiscoveryClient    : DiscoveryClient_ORDER-SERVICE/192.168.1.50:order-service:8083: registering service...
2026-05-14T17:19:42.109+05:30  INFO 94882 --- [order-service] [DiscoveryClient-InstanceInfoReplicator-%d] [                                                 ] com.netflix.discovery.DiscoveryClient    : DiscoveryClient_ORDER-SERVICE/192.168.1.50:order-service:8083 - registration status: 204
2026-05-14T17:19:42.258+05:30  INFO 94882 --- [order-service] [SpringApplicationShutdownHook] [                                                 ] o.s.b.w.e.tomcat.GracefulShutdown        : Commencing graceful shutdown. Waiting for active requests to complete
2026-05-14T17:19:42.300+05:30  INFO 94882 --- [order-service] [tomcat-shutdown] [                                                 ] o.s.b.w.e.tomcat.GracefulShutdown        : Graceful shutdown complete
2026-05-14T17:19:45.888+05:30  INFO 94882 --- [order-service] [SpringApplicationShutdownHook] [                                                 ] o.s.i.endpoint.EventDrivenConsumer       : Removing {logging-channel-adapter:_org.springframework.integration.errorLogger} as a subscriber to the 'errorChannel' channel
2026-05-14T17:19:45.898+05:30  INFO 94882 --- [order-service] [SpringApplicationShutdownHook] [                                                 ] o.s.i.channel.PublishSubscribeChannel    : Channel 'order-service.errorChannel' has 0 subscriber(s).
2026-05-14T17:19:45.905+05:30  INFO 94882 --- [order-service] [SpringApplicationShutdownHook] [                                                 ] o.s.i.endpoint.EventDrivenConsumer       : stopped bean '_org.springframework.integration.errorLogger'
2026-05-14T17:19:46.204+05:30  INFO 94882 --- [order-service] [SpringApplicationShutdownHook] [                                                 ] j.LocalContainerEntityManagerFactoryBean : Closing JPA EntityManagerFactory for persistence unit 'default'
2026-05-14T17:19:46.300+05:30  INFO 94882 --- [order-service] [SpringApplicationShutdownHook] [                                                 ] com.zaxxer.hikari.HikariDataSource       : HikariPool-1 - Shutdown initiated...
2026-05-14T17:19:46.330+05:30  INFO 94882 --- [order-service] [SpringApplicationShutdownHook] [                                                 ] com.zaxxer.hikari.HikariDataSource       : HikariPool-1 - Shutdown completed.
2026-05-14T17:19:46.765+05:30  INFO 94882 --- [order-service] [SpringApplicationShutdownHook] [                                                 ] com.netflix.discovery.DiscoveryClient    : Shutting down DiscoveryClient ...
2026-05-14T17:19:49.772+05:30  INFO 94882 --- [order-service] [SpringApplicationShutdownHook] [                                                 ] com.netflix.discovery.DiscoveryClient    : Unregistering ...
2026-05-14T17:19:49.807+05:30  INFO 94882 --- [order-service] [SpringApplicationShutdownHook] [                                                 ] com.netflix.discovery.DiscoveryClient    : DiscoveryClient_ORDER-SERVICE/192.168.1.50:order-service:8083 - deregister  status: 200
2026-05-14T17:19:49.808+05:30  INFO 94882 --- [order-service] [SpringApplicationShutdownHook] [                                                 ] com.netflix.discovery.DiscoveryClient    : Completed shut down of DiscoveryClient
2026-05-14T17:19:57.429+05:30  INFO 95378 --- [order-service] [main] [                                                 ] com.ecommerce.order.OrderApplication     : Starting OrderApplication using Java 23 with PID 95378 (/Users/kumar/Springboot/Microservices/ecom-microservices/order/target/classes started by kumar in /Users/kumar/Springboot/Microservices/ecom-microservices)
2026-05-14T17:19:57.430+05:30  INFO 95378 --- [order-service] [main] [                                                 ] com.ecommerce.order.OrderApplication     : No active profile set, falling back to 1 default profile: "default"
2026-05-14T17:19:57.453+05:30  INFO 95378 --- [order-service] [main] [                                                 ] o.s.c.c.c.ConfigServerConfigDataLoader   : Fetching config from server at : http://localhost:8888
2026-05-14T17:19:57.454+05:30  INFO 95378 --- [order-service] [main] [                                                 ] o.s.c.c.c.ConfigServerConfigDataLoader   : Located environment: name=order-service, profiles=[default], label=null, version=null, state=null
2026-05-14T17:19:58.032+05:30  INFO 95378 --- [order-service] [main] [                                                 ] .s.d.r.c.RepositoryConfigurationDelegate : Bootstrapping Spring Data JPA repositories in DEFAULT mode.
2026-05-14T17:19:58.094+05:30  INFO 95378 --- [order-service] [main] [                                                 ] .s.d.r.c.RepositoryConfigurationDelegate : Finished Spring Data repository scanning in 59 ms. Found 2 JPA repository interfaces.
2026-05-14T17:19:58.176+05:30  INFO 95378 --- [order-service] [main] [                                                 ] faultConfiguringBeanFactoryPostProcessor : No bean named 'errorChannel' has been explicitly defined. Therefore, a default PublishSubscribeChannel will be created.
2026-05-14T17:19:58.179+05:30  INFO 95378 --- [order-service] [main] [                                                 ] faultConfiguringBeanFactoryPostProcessor : No bean named 'integrationHeaderChannelRegistry' has been explicitly defined. Therefore, a default DefaultHeaderChannelRegistry will be created.
2026-05-14T17:19:58.263+05:30  INFO 95378 --- [order-service] [main] [                                                 ] o.s.cloud.context.scope.GenericScope     : BeanFactory id=6f3e04b4-9139-30fd-bd75-7c0ec93d2690
2026-05-14T17:19:58.621+05:30  INFO 95378 --- [order-service] [main] [                                                 ] o.s.b.w.embedded.tomcat.TomcatWebServer  : Tomcat initialized with port 8083 (http)
2026-05-14T17:19:58.627+05:30  INFO 95378 --- [order-service] [main] [                                                 ] o.apache.catalina.core.StandardService   : Starting service [Tomcat]
2026-05-14T17:19:58.627+05:30  INFO 95378 --- [order-service] [main] [                                                 ] o.apache.catalina.core.StandardEngine    : Starting Servlet engine: [Apache Tomcat/10.1.54]
2026-05-14T17:19:58.656+05:30  INFO 95378 --- [order-service] [main] [                                                 ] o.a.c.c.C.[Tomcat].[localhost].[/]       : Initializing Spring embedded WebApplicationContext
2026-05-14T17:19:58.656+05:30  INFO 95378 --- [order-service] [main] [                                                 ] w.s.c.ServletWebServerApplicationContext : Root WebApplicationContext: initialization completed in 1202 ms
2026-05-14T17:19:59.134+05:30  INFO 95378 --- [order-service] [main] [                                                 ] o.hibernate.jpa.internal.util.LogHelper  : HHH000204: Processing PersistenceUnitInfo [name: default]
2026-05-14T17:19:59.164+05:30  INFO 95378 --- [order-service] [main] [                                                 ] org.hibernate.Version                    : HHH000412: Hibernate ORM core version 6.6.49.Final
2026-05-14T17:19:59.178+05:30  INFO 95378 --- [order-service] [main] [                                                 ] o.h.c.internal.RegionFactoryInitiator    : HHH000026: Second-level cache disabled
2026-05-14T17:19:59.298+05:30  INFO 95378 --- [order-service] [main] [                                                 ] o.s.o.j.p.SpringPersistenceUnitInfo      : No LoadTimeWeaver setup: ignoring JPA class transformer
2026-05-14T17:19:59.311+05:30  INFO 95378 --- [order-service] [main] [                                                 ] com.zaxxer.hikari.HikariDataSource       : HikariPool-1 - Starting...
2026-05-14T17:19:59.435+05:30  INFO 95378 --- [order-service] [main] [                                                 ] com.zaxxer.hikari.pool.HikariPool        : HikariPool-1 - Added connection org.postgresql.jdbc.PgConnection@6d92bfaf
2026-05-14T17:19:59.435+05:30  INFO 95378 --- [order-service] [main] [                                                 ] com.zaxxer.hikari.HikariDataSource       : HikariPool-1 - Start completed.
2026-05-14T17:19:59.485+05:30  WARN 95378 --- [order-service] [main] [                                                 ] org.hibernate.orm.deprecation            : HHH90000025: PostgreSQLDialect does not need to be specified explicitly using 'hibernate.dialect' (remove the property setting and it will be selected by default)
2026-05-14T17:19:59.496+05:30  INFO 95378 --- [order-service] [main] [                                                 ] org.hibernate.orm.connections.pooling    : HHH10001005: Database info:
	Database JDBC URL [Connecting through datasource 'HikariDataSource (HikariPool-1)']
	Database driver: undefined/unknown
	Database version: 14.22
	Autocommit mode: undefined/unknown
	Isolation level: undefined/unknown
	Minimum pool size: undefined/unknown
	Maximum pool size: undefined/unknown
2026-05-14T17:19:59.928+05:30  INFO 95378 --- [order-service] [main] [                                                 ] o.h.e.t.j.p.i.JtaPlatformInitiator       : HHH000489: No JTA platform available (set 'hibernate.transaction.jta.platform' to enable JTA platform integration)
2026-05-14T17:20:00.108+05:30  INFO 95378 --- [order-service] [main] [                                                 ] j.LocalContainerEntityManagerFactoryBean : Initialized JPA EntityManagerFactory for persistence unit 'default'
2026-05-14T17:20:00.673+05:30  WARN 95378 --- [order-service] [main] [                                                 ] JpaBaseConfiguration$JpaWebConfiguration : spring.jpa.open-in-view is enabled by default. Therefore, database queries may be performed during view rendering. Explicitly configure spring.jpa.open-in-view to disable this warning
2026-05-14T17:20:01.857+05:30  INFO 95378 --- [order-service] [main] [                                                 ] DiscoveryClientOptionalArgsConfiguration : Eureka HTTP Client uses RestTemplate.
2026-05-14T17:20:01.922+05:30  WARN 95378 --- [order-service] [main] [                                                 ] iguration$LoadBalancerCaffeineWarnLogger : Spring Cloud LoadBalancer is currently working with the default cache. While this cache implementation is useful for development and tests, it's recommended to use Caffeine cache in production.You can switch to using Caffeine cache, by adding it and org.springframework.cache.caffeine.CaffeineCacheManager to the classpath.
2026-05-14T17:20:01.931+05:30  INFO 95378 --- [order-service] [main] [                                                 ] o.s.b.a.e.web.EndpointLinksResolver      : Exposing 32 endpoints beneath base path '/actuator'
2026-05-14T17:20:02.076+05:30  INFO 95378 --- [order-service] [main] [                                                 ] figuration$IntegrationJmxConfiguration$1 : Registering MessageChannel errorChannel
2026-05-14T17:20:02.079+05:30  INFO 95378 --- [order-service] [main] [                                                 ] figuration$IntegrationJmxConfiguration$1 : Registering MessageChannel nullChannel
2026-05-14T17:20:02.085+05:30  INFO 95378 --- [order-service] [main] [                                                 ] figuration$IntegrationJmxConfiguration$1 : Registering MessageHandler _org.springframework.integration.errorLogger
2026-05-14T17:20:02.092+05:30  INFO 95378 --- [order-service] [main] [                                                 ] o.s.i.endpoint.EventDrivenConsumer       : Adding {logging-channel-adapter:_org.springframework.integration.errorLogger} as a subscriber to the 'errorChannel' channel
2026-05-14T17:20:02.092+05:30  INFO 95378 --- [order-service] [main] [                                                 ] o.s.i.channel.PublishSubscribeChannel    : Channel 'order-service.errorChannel' has 1 subscriber(s).
2026-05-14T17:20:02.092+05:30  INFO 95378 --- [order-service] [main] [                                                 ] o.s.i.endpoint.EventDrivenConsumer       : started bean '_org.springframework.integration.errorLogger'
2026-05-14T17:20:02.127+05:30  INFO 95378 --- [order-service] [main] [                                                 ] o.s.c.n.eureka.InstanceInfoFactory       : Setting initial instance status as: STARTING
2026-05-14T17:20:02.144+05:30  INFO 95378 --- [order-service] [main] [                                                 ] com.netflix.discovery.DiscoveryClient    : Initializing Eureka in region us-east-1
2026-05-14T17:20:02.145+05:30  INFO 95378 --- [order-service] [main] [                                                 ] c.n.d.s.r.aws.ConfigClusterResolver      : Resolving eureka endpoints via configuration
2026-05-14T17:20:02.150+05:30  INFO 95378 --- [order-service] [main] [                                                 ] com.netflix.discovery.DiscoveryClient    : Disable delta property : false
2026-05-14T17:20:02.150+05:30  INFO 95378 --- [order-service] [main] [                                                 ] com.netflix.discovery.DiscoveryClient    : Single vip registry refresh property : null
2026-05-14T17:20:02.150+05:30  INFO 95378 --- [order-service] [main] [                                                 ] com.netflix.discovery.DiscoveryClient    : Force full registry fetch : false
2026-05-14T17:20:02.150+05:30  INFO 95378 --- [order-service] [main] [                                                 ] com.netflix.discovery.DiscoveryClient    : Application is null : false
2026-05-14T17:20:02.150+05:30  INFO 95378 --- [order-service] [main] [                                                 ] com.netflix.discovery.DiscoveryClient    : Registered Applications size is zero : true
2026-05-14T17:20:02.150+05:30  INFO 95378 --- [order-service] [main] [                                                 ] com.netflix.discovery.DiscoveryClient    : Application version is -1: true
2026-05-14T17:20:02.150+05:30  INFO 95378 --- [order-service] [main] [                                                 ] com.netflix.discovery.DiscoveryClient    : Getting all instance registry info from the eureka server
2026-05-14T17:20:02.265+05:30  INFO 95378 --- [order-service] [main] [                                                 ] com.netflix.discovery.DiscoveryClient    : The response status is 200
2026-05-14T17:20:02.265+05:30  INFO 95378 --- [order-service] [main] [                                                 ] com.netflix.discovery.DiscoveryClient    : Starting heartbeat executor: renew interval is: 30
2026-05-14T17:20:02.266+05:30  INFO 95378 --- [order-service] [main] [                                                 ] c.n.discovery.InstanceInfoReplicator     : InstanceInfoReplicator onDemand update allowed rate per min is 4
2026-05-14T17:20:02.267+05:30  INFO 95378 --- [order-service] [main] [                                                 ] com.netflix.discovery.DiscoveryClient    : Discovery Client initialized at timestamp 1778759402266 with initial instances count: 3
2026-05-14T17:20:02.274+05:30  INFO 95378 --- [order-service] [main] [                                                 ] o.s.c.n.e.s.EurekaServiceRegistry        : Registering application ORDER-SERVICE with eureka with status UP
2026-05-14T17:20:02.274+05:30  INFO 95378 --- [order-service] [main] [                                                 ] com.netflix.discovery.DiscoveryClient    : Saw local status change event StatusChangeEvent [timestamp=1778759402274, current=UP, previous=STARTING]
2026-05-14T17:20:02.275+05:30  INFO 95378 --- [order-service] [DiscoveryClient-InstanceInfoReplicator-%d] [                                                 ] com.netflix.discovery.DiscoveryClient    : DiscoveryClient_ORDER-SERVICE/192.168.1.50:order-service:8083: registering service...
2026-05-14T17:20:02.280+05:30  INFO 95378 --- [order-service] [main] [                                                 ] o.s.b.w.embedded.tomcat.TomcatWebServer  : Tomcat started on port 8083 (http) with context path '/'
2026-05-14T17:20:02.281+05:30  INFO 95378 --- [order-service] [main] [                                                 ] .s.c.n.e.s.EurekaAutoServiceRegistration : Updating port to 8083
2026-05-14T17:20:02.307+05:30  INFO 95378 --- [order-service] [DiscoveryClient-InstanceInfoReplicator-%d] [                                                 ] com.netflix.discovery.DiscoveryClient    : DiscoveryClient_ORDER-SERVICE/192.168.1.50:order-service:8083 - registration status: 204
2026-05-14T17:20:02.309+05:30  INFO 95378 --- [order-service] [main] [                                                 ] com.ecommerce.order.OrderApplication     : Started OrderApplication in 6.768 seconds (process running for 7.588)
2026-05-14T17:20:02.777+05:30  INFO 95378 --- [order-service] [RMI TCP Connection(2)-127.0.0.1] [                                                 ] o.a.c.c.C.[Tomcat].[localhost].[/]       : Initializing Spring DispatcherServlet 'dispatcherServlet'
2026-05-14T17:20:02.777+05:30  INFO 95378 --- [order-service] [RMI TCP Connection(2)-127.0.0.1] [                                                 ] o.s.web.servlet.DispatcherServlet        : Initializing Servlet 'dispatcherServlet'
2026-05-14T17:20:02.778+05:30  INFO 95378 --- [order-service] [RMI TCP Connection(3)-127.0.0.1] [                                                 ] o.s.a.r.c.CachingConnectionFactory       : Attempting to connect to: [moose.rmq.cloudamqp.com:5672]
2026-05-14T17:20:02.778+05:30  INFO 95378 --- [order-service] [RMI TCP Connection(2)-127.0.0.1] [                                                 ] o.s.web.servlet.DispatcherServlet        : Completed initialization in 1 ms
2026-05-14T17:20:05.246+05:30  INFO 95378 --- [order-service] [RMI TCP Connection(3)-127.0.0.1] [                                                 ] o.s.a.r.c.CachingConnectionFactory       : Created new connection: rabbitConnectionFactory#2579cc85:0/SimpleConnection@326b61eb [delegate=amqp://yrpyuppa@44.223.162.67:5672/yrpyuppa, localPort=55774]
2026-05-14T17:21:10.154+05:30  INFO 95378 --- [order-service] [http-nio-8083-exec-2] [6a05b72dcadb20efac1552b4b563ec01-81fea137b99dd09a] o.s.c.s.binder.DefaultBinderFactory      : Creating binder: rabbit
2026-05-14T17:21:10.160+05:30  INFO 95378 --- [order-service] [http-nio-8083-exec-2] [6a05b72dcadb20efac1552b4b563ec01-81fea137b99dd09a] o.s.c.s.binder.DefaultBinderFactory      : Constructing binder child context for rabbit
2026-05-14T17:21:10.388+05:30  INFO 95378 --- [order-service] [http-nio-8083-exec-2] [6a05b72dcadb20efac1552b4b563ec01-81fea137b99dd09a] o.s.c.s.binder.DefaultBinderFactory      : Caching the binder: rabbit
2026-05-14T17:21:10.688+05:30  INFO 95378 --- [order-service] [http-nio-8083-exec-2] [6a05b72dcadb20efac1552b4b563ec01-81fea137b99dd09a] o.s.c.s.m.DirectWithAttributesChannel    : Channel 'order-service.createOrder-out-0' has 1 subscriber(s).
2026-05-14T17:21:10.821+05:30  INFO 95378 --- [order-service] [http-nio-8083-exec-2] [6a05b72dcadb20efac1552b4b563ec01-bdc8cd3f34ef3c60] o.s.a.r.c.CachingConnectionFactory       : Attempting to connect to: [moose.rmq.cloudamqp.com:5672]
2026-05-14T17:21:11.900+05:30  INFO 95378 --- [order-service] [http-nio-8083-exec-2] [6a05b72dcadb20efac1552b4b563ec01-bdc8cd3f34ef3c60] o.s.a.r.c.CachingConnectionFactory       : Created new connection: rabbitConnectionFactory.publisher#2cbe37da:0/SimpleConnection@5675ff89 [delegate=amqp://yrpyuppa@44.223.162.67:5672/yrpyuppa, localPort=55834]
2026-05-14T17:25:02.153+05:30  INFO 95378 --- [order-service] [AsyncResolver-bootstrap-executor-%d] [                                                 ] c.n.d.s.r.aws.ConfigClusterResolver      : Resolving eureka endpoints via configuration
2026-05-14T17:28:15.632+05:30  WARN 95378 --- [order-service] [AMQP Connection 44.223.162.67:5672] [                                                 ] c.r.c.impl.ForgivingExceptionHandler     : An unexpected connection driver error occurred (Exception message: Connection reset)
2026-05-14T17:28:22.510+05:30  WARN 95378 --- [order-service] [AMQP Connection 44.223.162.67:5672] [                                                 ] c.r.c.impl.ForgivingExceptionHandler     : An unexpected connection driver error occurred (Exception message: Connection reset)
2026-05-14T17:28:39.709+05:30  WARN 95378 --- [order-service] [HikariPool-1:housekeeper] [                                                 ] com.zaxxer.hikari.pool.HikariPool        : HikariPool-1 - Thread starvation or clock leap detected (housekeeper delta=3m10s106ms).
2026-05-14T17:37:31.233+05:30  WARN 95378 --- [order-service] [HikariPool-1:housekeeper] [                                                 ] com.zaxxer.hikari.pool.HikariPool        : HikariPool-1 - Thread starvation or clock leap detected (housekeeper delta=6m51s457ms).
2026-05-14T17:37:36.631+05:30  INFO 95378 --- [order-service] [DiscoveryClient-HeartbeatExecutor-%d] [                                                 ] com.netflix.discovery.DiscoveryClient    : DiscoveryClient_ORDER-SERVICE/192.168.1.50:order-service:8083 - Re-registering apps/ORDER-SERVICE
2026-05-14T17:37:36.632+05:30  INFO 95378 --- [order-service] [DiscoveryClient-HeartbeatExecutor-%d] [                                                 ] com.netflix.discovery.DiscoveryClient    : DiscoveryClient_ORDER-SERVICE/192.168.1.50:order-service:8083: registering service...
2026-05-14T17:37:36.689+05:30  INFO 95378 --- [order-service] [DiscoveryClient-HeartbeatExecutor-%d] [                                                 ] com.netflix.discovery.DiscoveryClient    : DiscoveryClient_ORDER-SERVICE/192.168.1.50:order-service:8083 - registration status: 204
2026-05-14T17:39:03.724+05:30  INFO 95378 --- [order-service] [AsyncResolver-bootstrap-executor-%d] [                                                 ] c.n.d.s.r.aws.ConfigClusterResolver      : Resolving eureka endpoints via configuration
2026-05-14T17:41:59.050+05:30  INFO 95378 --- [order-service] [SpringApplicationShutdownHook] [                                                 ] o.s.c.n.e.s.EurekaServiceRegistry        : Unregistering application ORDER-SERVICE with eureka with status DOWN
2026-05-14T17:41:59.064+05:30  INFO 95378 --- [order-service] [SpringApplicationShutdownHook] [                                                 ] com.netflix.discovery.DiscoveryClient    : Saw local status change event StatusChangeEvent [timestamp=1778760719064, current=DOWN, previous=UP]
2026-05-14T17:41:59.065+05:30  INFO 95378 --- [order-service] [DiscoveryClient-InstanceInfoReplicator-%d] [                                                 ] com.netflix.discovery.DiscoveryClient    : DiscoveryClient_ORDER-SERVICE/192.168.1.50:order-service:8083: registering service...
2026-05-14T17:41:59.137+05:30  INFO 95378 --- [order-service] [DiscoveryClient-InstanceInfoReplicator-%d] [                                                 ] com.netflix.discovery.DiscoveryClient    : DiscoveryClient_ORDER-SERVICE/192.168.1.50:order-service:8083 - registration status: 204
2026-05-14T17:41:59.234+05:30  INFO 95378 --- [order-service] [SpringApplicationShutdownHook] [                                                 ] o.s.b.w.e.tomcat.GracefulShutdown        : Commencing graceful shutdown. Waiting for active requests to complete
2026-05-14T17:41:59.254+05:30  INFO 95378 --- [order-service] [tomcat-shutdown] [                                                 ] o.s.b.w.e.tomcat.GracefulShutdown        : Graceful shutdown complete
2026-05-14T17:41:59.670+05:30  INFO 95378 --- [order-service] [SpringApplicationShutdownHook] [                                                 ] o.s.i.endpoint.EventDrivenConsumer       : Removing {logging-channel-adapter:_org.springframework.integration.errorLogger} as a subscriber to the 'errorChannel' channel
2026-05-14T17:41:59.673+05:30  INFO 95378 --- [order-service] [SpringApplicationShutdownHook] [                                                 ] o.s.i.channel.PublishSubscribeChannel    : Channel 'order-service.errorChannel' has 0 subscriber(s).
2026-05-14T17:41:59.676+05:30  INFO 95378 --- [order-service] [SpringApplicationShutdownHook] [                                                 ] o.s.i.endpoint.EventDrivenConsumer       : stopped bean '_org.springframework.integration.errorLogger'
2026-05-14T17:41:59.872+05:30  INFO 95378 --- [order-service] [SpringApplicationShutdownHook] [                                                 ] j.LocalContainerEntityManagerFactoryBean : Closing JPA EntityManagerFactory for persistence unit 'default'
2026-05-14T17:42:00.020+05:30  INFO 95378 --- [order-service] [SpringApplicationShutdownHook] [                                                 ] com.zaxxer.hikari.HikariDataSource       : HikariPool-1 - Shutdown initiated...
2026-05-14T17:42:00.030+05:30  INFO 95378 --- [order-service] [SpringApplicationShutdownHook] [                                                 ] com.zaxxer.hikari.HikariDataSource       : HikariPool-1 - Shutdown completed.
2026-05-14T17:42:00.409+05:30  INFO 95378 --- [order-service] [SpringApplicationShutdownHook] [                                                 ] com.netflix.discovery.DiscoveryClient    : Shutting down DiscoveryClient ...
2026-05-14T17:42:03.421+05:30  INFO 95378 --- [order-service] [SpringApplicationShutdownHook] [                                                 ] com.netflix.discovery.DiscoveryClient    : Unregistering ...
2026-05-14T17:42:03.466+05:30  INFO 95378 --- [order-service] [SpringApplicationShutdownHook] [                                                 ] com.netflix.discovery.DiscoveryClient    : DiscoveryClient_ORDER-SERVICE/192.168.1.50:order-service:8083 - deregister  status: 200
2026-05-14T17:42:03.466+05:30  INFO 95378 --- [order-service] [SpringApplicationShutdownHook] [                                                 ] com.netflix.discovery.DiscoveryClient    : Completed shut down of DiscoveryClient
2026-05-14T17:42:56.380+05:30  INFO 96015 --- [order-service] [main] [                                                 ] com.ecommerce.order.OrderApplication     : Starting OrderApplication using Java 23 with PID 96015 (/Users/kumar/Springboot/Microservices/ecom-microservices/order/target/classes started by kumar in /Users/kumar/Springboot/Microservices/ecom-microservices)
2026-05-14T17:42:56.381+05:30  INFO 96015 --- [order-service] [main] [                                                 ] com.ecommerce.order.OrderApplication     : No active profile set, falling back to 1 default profile: "default"
2026-05-14T17:42:56.400+05:30  INFO 96015 --- [order-service] [main] [                                                 ] o.s.c.c.c.ConfigServerConfigDataLoader   : Fetching config from server at : http://localhost:8888
2026-05-14T17:42:56.400+05:30  INFO 96015 --- [order-service] [main] [                                                 ] o.s.c.c.c.ConfigServerConfigDataLoader   : Located environment: name=order-service, profiles=[default], label=null, version=null, state=null
2026-05-14T17:42:57.018+05:30  INFO 96015 --- [order-service] [main] [                                                 ] .s.d.r.c.RepositoryConfigurationDelegate : Bootstrapping Spring Data JPA repositories in DEFAULT mode.
2026-05-14T17:42:57.102+05:30  INFO 96015 --- [order-service] [main] [                                                 ] .s.d.r.c.RepositoryConfigurationDelegate : Finished Spring Data repository scanning in 80 ms. Found 2 JPA repository interfaces.
2026-05-14T17:42:57.197+05:30  INFO 96015 --- [order-service] [main] [                                                 ] faultConfiguringBeanFactoryPostProcessor : No bean named 'errorChannel' has been explicitly defined. Therefore, a default PublishSubscribeChannel will be created.
2026-05-14T17:42:57.200+05:30  INFO 96015 --- [order-service] [main] [                                                 ] faultConfiguringBeanFactoryPostProcessor : No bean named 'integrationHeaderChannelRegistry' has been explicitly defined. Therefore, a default DefaultHeaderChannelRegistry will be created.
2026-05-14T17:42:57.288+05:30  INFO 96015 --- [order-service] [main] [                                                 ] o.s.cloud.context.scope.GenericScope     : BeanFactory id=6ef9f230-31cc-3894-9ed2-d999f32b1931
2026-05-14T17:42:57.739+05:30  INFO 96015 --- [order-service] [main] [                                                 ] o.s.b.w.embedded.tomcat.TomcatWebServer  : Tomcat initialized with port 8083 (http)
2026-05-14T17:42:57.745+05:30  INFO 96015 --- [order-service] [main] [                                                 ] o.apache.catalina.core.StandardService   : Starting service [Tomcat]
2026-05-14T17:42:57.745+05:30  INFO 96015 --- [order-service] [main] [                                                 ] o.apache.catalina.core.StandardEngine    : Starting Servlet engine: [Apache Tomcat/10.1.54]
2026-05-14T17:42:57.777+05:30  INFO 96015 --- [order-service] [main] [                                                 ] o.a.c.c.C.[Tomcat].[localhost].[/]       : Initializing Spring embedded WebApplicationContext
2026-05-14T17:42:57.778+05:30  INFO 96015 --- [order-service] [main] [                                                 ] w.s.c.ServletWebServerApplicationContext : Root WebApplicationContext: initialization completed in 1377 ms
2026-05-14T17:42:58.309+05:30  INFO 96015 --- [order-service] [main] [                                                 ] o.hibernate.jpa.internal.util.LogHelper  : HHH000204: Processing PersistenceUnitInfo [name: default]
2026-05-14T17:42:58.345+05:30  INFO 96015 --- [order-service] [main] [                                                 ] org.hibernate.Version                    : HHH000412: Hibernate ORM core version 6.6.49.Final
2026-05-14T17:42:58.361+05:30  INFO 96015 --- [order-service] [main] [                                                 ] o.h.c.internal.RegionFactoryInitiator    : HHH000026: Second-level cache disabled
2026-05-14T17:42:58.499+05:30  INFO 96015 --- [order-service] [main] [                                                 ] o.s.o.j.p.SpringPersistenceUnitInfo      : No LoadTimeWeaver setup: ignoring JPA class transformer
2026-05-14T17:42:58.511+05:30  INFO 96015 --- [order-service] [main] [                                                 ] com.zaxxer.hikari.HikariDataSource       : HikariPool-1 - Starting...
2026-05-14T17:42:58.620+05:30  INFO 96015 --- [order-service] [main] [                                                 ] com.zaxxer.hikari.pool.HikariPool        : HikariPool-1 - Added connection org.postgresql.jdbc.PgConnection@509d999c
2026-05-14T17:42:58.621+05:30  INFO 96015 --- [order-service] [main] [                                                 ] com.zaxxer.hikari.HikariDataSource       : HikariPool-1 - Start completed.
2026-05-14T17:42:58.670+05:30  WARN 96015 --- [order-service] [main] [                                                 ] org.hibernate.orm.deprecation            : HHH90000025: PostgreSQLDialect does not need to be specified explicitly using 'hibernate.dialect' (remove the property setting and it will be selected by default)
2026-05-14T17:42:58.681+05:30  INFO 96015 --- [order-service] [main] [                                                 ] org.hibernate.orm.connections.pooling    : HHH10001005: Database info:
	Database JDBC URL [Connecting through datasource 'HikariDataSource (HikariPool-1)']
	Database driver: undefined/unknown
	Database version: 14.22
	Autocommit mode: undefined/unknown
	Isolation level: undefined/unknown
	Minimum pool size: undefined/unknown
	Maximum pool size: undefined/unknown
2026-05-14T17:42:59.162+05:30  INFO 96015 --- [order-service] [main] [                                                 ] o.h.e.t.j.p.i.JtaPlatformInitiator       : HHH000489: No JTA platform available (set 'hibernate.transaction.jta.platform' to enable JTA platform integration)
2026-05-14T17:42:59.310+05:30  INFO 96015 --- [order-service] [main] [                                                 ] j.LocalContainerEntityManagerFactoryBean : Initialized JPA EntityManagerFactory for persistence unit 'default'
2026-05-14T17:42:59.970+05:30  WARN 96015 --- [order-service] [main] [                                                 ] JpaBaseConfiguration$JpaWebConfiguration : spring.jpa.open-in-view is enabled by default. Therefore, database queries may be performed during view rendering. Explicitly configure spring.jpa.open-in-view to disable this warning
2026-05-14T17:43:00.977+05:30  INFO 96015 --- [order-service] [main] [                                                 ] DiscoveryClientOptionalArgsConfiguration : Eureka HTTP Client uses RestTemplate.
2026-05-14T17:43:01.022+05:30  WARN 96015 --- [order-service] [main] [                                                 ] iguration$LoadBalancerCaffeineWarnLogger : Spring Cloud LoadBalancer is currently working with the default cache. While this cache implementation is useful for development and tests, it's recommended to use Caffeine cache in production.You can switch to using Caffeine cache, by adding it and org.springframework.cache.caffeine.CaffeineCacheManager to the classpath.
2026-05-14T17:43:01.033+05:30  INFO 96015 --- [order-service] [main] [                                                 ] o.s.b.a.e.web.EndpointLinksResolver      : Exposing 32 endpoints beneath base path '/actuator'
2026-05-14T17:43:01.189+05:30  INFO 96015 --- [order-service] [main] [                                                 ] figuration$IntegrationJmxConfiguration$1 : Registering MessageChannel errorChannel
2026-05-14T17:43:01.193+05:30  INFO 96015 --- [order-service] [main] [                                                 ] figuration$IntegrationJmxConfiguration$1 : Registering MessageChannel nullChannel
2026-05-14T17:43:01.201+05:30  INFO 96015 --- [order-service] [main] [                                                 ] figuration$IntegrationJmxConfiguration$1 : Registering MessageHandler _org.springframework.integration.errorLogger
2026-05-14T17:43:01.210+05:30  INFO 96015 --- [order-service] [main] [                                                 ] o.s.i.endpoint.EventDrivenConsumer       : Adding {logging-channel-adapter:_org.springframework.integration.errorLogger} as a subscriber to the 'errorChannel' channel
2026-05-14T17:43:01.210+05:30  INFO 96015 --- [order-service] [main] [                                                 ] o.s.i.channel.PublishSubscribeChannel    : Channel 'order-service.errorChannel' has 1 subscriber(s).
2026-05-14T17:43:01.210+05:30  INFO 96015 --- [order-service] [main] [                                                 ] o.s.i.endpoint.EventDrivenConsumer       : started bean '_org.springframework.integration.errorLogger'
2026-05-14T17:43:01.218+05:30  INFO 96015 --- [order-service] [main] [                                                 ] o.s.c.n.eureka.InstanceInfoFactory       : Setting initial instance status as: STARTING
2026-05-14T17:43:01.232+05:30  INFO 96015 --- [order-service] [main] [                                                 ] com.netflix.discovery.DiscoveryClient    : Initializing Eureka in region us-east-1
2026-05-14T17:43:01.234+05:30  INFO 96015 --- [order-service] [main] [                                                 ] c.n.d.s.r.aws.ConfigClusterResolver      : Resolving eureka endpoints via configuration
2026-05-14T17:43:01.238+05:30  INFO 96015 --- [order-service] [main] [                                                 ] com.netflix.discovery.DiscoveryClient    : Disable delta property : false
2026-05-14T17:43:01.238+05:30  INFO 96015 --- [order-service] [main] [                                                 ] com.netflix.discovery.DiscoveryClient    : Single vip registry refresh property : null
2026-05-14T17:43:01.238+05:30  INFO 96015 --- [order-service] [main] [                                                 ] com.netflix.discovery.DiscoveryClient    : Force full registry fetch : false
2026-05-14T17:43:01.238+05:30  INFO 96015 --- [order-service] [main] [                                                 ] com.netflix.discovery.DiscoveryClient    : Application is null : false
2026-05-14T17:43:01.238+05:30  INFO 96015 --- [order-service] [main] [                                                 ] com.netflix.discovery.DiscoveryClient    : Registered Applications size is zero : true
2026-05-14T17:43:01.238+05:30  INFO 96015 --- [order-service] [main] [                                                 ] com.netflix.discovery.DiscoveryClient    : Application version is -1: true
2026-05-14T17:43:01.238+05:30  INFO 96015 --- [order-service] [main] [                                                 ] com.netflix.discovery.DiscoveryClient    : Getting all instance registry info from the eureka server
2026-05-14T17:43:01.355+05:30  INFO 96015 --- [order-service] [main] [                                                 ] com.netflix.discovery.DiscoveryClient    : The response status is 200
2026-05-14T17:43:01.356+05:30  INFO 96015 --- [order-service] [main] [                                                 ] com.netflix.discovery.DiscoveryClient    : Starting heartbeat executor: renew interval is: 30
2026-05-14T17:43:01.357+05:30  INFO 96015 --- [order-service] [main] [                                                 ] c.n.discovery.InstanceInfoReplicator     : InstanceInfoReplicator onDemand update allowed rate per min is 4
2026-05-14T17:43:01.358+05:30  INFO 96015 --- [order-service] [main] [                                                 ] com.netflix.discovery.DiscoveryClient    : Discovery Client initialized at timestamp 1778760781357 with initial instances count: 3
2026-05-14T17:43:01.365+05:30  INFO 96015 --- [order-service] [main] [                                                 ] o.s.c.n.e.s.EurekaServiceRegistry        : Registering application ORDER-SERVICE with eureka with status UP
2026-05-14T17:43:01.366+05:30  INFO 96015 --- [order-service] [main] [                                                 ] com.netflix.discovery.DiscoveryClient    : Saw local status change event StatusChangeEvent [timestamp=1778760781366, current=UP, previous=STARTING]
2026-05-14T17:43:01.366+05:30  INFO 96015 --- [order-service] [DiscoveryClient-InstanceInfoReplicator-%d] [                                                 ] com.netflix.discovery.DiscoveryClient    : DiscoveryClient_ORDER-SERVICE/192.168.1.50:order-service:8083: registering service...
2026-05-14T17:43:01.371+05:30  INFO 96015 --- [order-service] [main] [                                                 ] o.s.b.w.embedded.tomcat.TomcatWebServer  : Tomcat started on port 8083 (http) with context path '/'
2026-05-14T17:43:01.372+05:30  INFO 96015 --- [order-service] [main] [                                                 ] .s.c.n.e.s.EurekaAutoServiceRegistration : Updating port to 8083
2026-05-14T17:43:01.396+05:30  INFO 96015 --- [order-service] [main] [                                                 ] com.ecommerce.order.OrderApplication     : Started OrderApplication in 6.868 seconds (process running for 7.867)
2026-05-14T17:43:01.428+05:30  INFO 96015 --- [order-service] [DiscoveryClient-InstanceInfoReplicator-%d] [                                                 ] com.netflix.discovery.DiscoveryClient    : DiscoveryClient_ORDER-SERVICE/192.168.1.50:order-service:8083 - registration status: 204
2026-05-14T17:43:01.934+05:30  INFO 96015 --- [order-service] [RMI TCP Connection(2)-127.0.0.1] [                                                 ] o.a.c.c.C.[Tomcat].[localhost].[/]       : Initializing Spring DispatcherServlet 'dispatcherServlet'
2026-05-14T17:43:01.935+05:30  INFO 96015 --- [order-service] [RMI TCP Connection(2)-127.0.0.1] [                                                 ] o.s.web.servlet.DispatcherServlet        : Initializing Servlet 'dispatcherServlet'
2026-05-14T17:43:01.937+05:30  INFO 96015 --- [order-service] [RMI TCP Connection(2)-127.0.0.1] [                                                 ] o.s.web.servlet.DispatcherServlet        : Completed initialization in 1 ms
2026-05-14T17:48:01.302+05:30  INFO 96015 --- [order-service] [AsyncResolver-bootstrap-executor-%d] [                                                 ] c.n.d.s.r.aws.ConfigClusterResolver      : Resolving eureka endpoints via configuration
2026-05-14T17:49:28.347+05:30  INFO 96015 --- [order-service] [http-nio-8083-exec-5] [6a05bdcf3edfc69859d81e03306b7dae-f10d186bb1c52b43] o.s.c.s.binder.DefaultBinderFactory      : Creating binder: kafka
2026-05-14T17:49:28.366+05:30  INFO 96015 --- [order-service] [http-nio-8083-exec-5] [6a05bdcf3edfc69859d81e03306b7dae-f10d186bb1c52b43] o.s.c.s.binder.DefaultBinderFactory      : Constructing binder child context for kafka
2026-05-14T17:49:28.887+05:30  INFO 96015 --- [order-service] [http-nio-8083-exec-5] [6a05bdcf3edfc69859d81e03306b7dae-f10d186bb1c52b43] o.s.c.s.binder.DefaultBinderFactory      : Caching the binder: kafka
2026-05-14T17:49:28.910+05:30  INFO 96015 --- [order-service] [http-nio-8083-exec-5] [6a05bdcf3edfc69859d81e03306b7dae-f10d186bb1c52b43] o.s.c.s.b.k.p.KafkaTopicProvisioner      : Using kafka topic for outbound: order.exchange
2026-05-14T17:49:28.924+05:30  INFO 96015 --- [order-service] [http-nio-8083-exec-5] [6a05bdcf3edfc69859d81e03306b7dae-f10d186bb1c52b43] o.a.k.clients.admin.AdminClientConfig    : AdminClientConfig values: 
	auto.include.jmx.reporter = true
	bootstrap.controllers = []
	bootstrap.servers = [localhost:9092]
	client.dns.lookup = use_all_dns_ips
	client.id = 
	connections.max.idle.ms = 300000
	default.api.timeout.ms = 60000
	enable.metrics.push = true
	metadata.max.age.ms = 300000
	metadata.recovery.strategy = none
	metric.reporters = []
	metrics.num.samples = 2
	metrics.recording.level = INFO
	metrics.sample.window.ms = 30000
	receive.buffer.bytes = 65536
	reconnect.backoff.max.ms = 1000
	reconnect.backoff.ms = 50
	request.timeout.ms = 30000
	retries = 2147483647
	retry.backoff.max.ms = 1000
	retry.backoff.ms = 100
	sasl.client.callback.handler.class = null
	sasl.jaas.config = null
	sasl.kerberos.kinit.cmd = /usr/bin/kinit
	sasl.kerberos.min.time.before.relogin = 60000
	sasl.kerberos.service.name = null
	sasl.kerberos.ticket.renew.jitter = 0.05
	sasl.kerberos.ticket.renew.window.factor = 0.8
	sasl.login.callback.handler.class = null
	sasl.login.class = null
	sasl.login.connect.timeout.ms = null
	sasl.login.read.timeout.ms = null
	sasl.login.refresh.buffer.seconds = 300
	sasl.login.refresh.min.period.seconds = 60
	sasl.login.refresh.window.factor = 0.8
	sasl.login.refresh.window.jitter = 0.05
	sasl.login.retry.backoff.max.ms = 10000
	sasl.login.retry.backoff.ms = 100
	sasl.mechanism = GSSAPI
	sasl.oauthbearer.clock.skew.seconds = 30
	sasl.oauthbearer.expected.audience = null
	sasl.oauthbearer.expected.issuer = null
	sasl.oauthbearer.header.urlencode = false
	sasl.oauthbearer.jwks.endpoint.refresh.ms = 3600000
	sasl.oauthbearer.jwks.endpoint.retry.backoff.max.ms = 10000
	sasl.oauthbearer.jwks.endpoint.retry.backoff.ms = 100
	sasl.oauthbearer.jwks.endpoint.url = null
	sasl.oauthbearer.scope.claim.name = scope
	sasl.oauthbearer.sub.claim.name = sub
	sasl.oauthbearer.token.endpoint.url = null
	security.protocol = PLAINTEXT
	security.providers = null
	send.buffer.bytes = 131072
	socket.connection.setup.timeout.max.ms = 30000
	socket.connection.setup.timeout.ms = 10000
	ssl.cipher.suites = null
	ssl.enabled.protocols = [TLSv1.2, TLSv1.3]
	ssl.endpoint.identification.algorithm = https
	ssl.engine.factory.class = null
	ssl.key.password = null
	ssl.keymanager.algorithm = SunX509
	ssl.keystore.certificate.chain = null
	ssl.keystore.key = null
	ssl.keystore.location = null
	ssl.keystore.password = null
	ssl.keystore.type = JKS
	ssl.protocol = TLSv1.3
	ssl.provider = null
	ssl.secure.random.implementation = null
	ssl.trustmanager.algorithm = PKIX
	ssl.truststore.certificates = null
	ssl.truststore.location = null
	ssl.truststore.password = null
	ssl.truststore.type = JKS

2026-05-14T17:49:29.170+05:30  INFO 96015 --- [order-service] [http-nio-8083-exec-5] [6a05bdcf3edfc69859d81e03306b7dae-f10d186bb1c52b43] o.a.kafka.common.utils.AppInfoParser     : Kafka version: 3.9.2
2026-05-14T17:49:29.173+05:30  INFO 96015 --- [order-service] [http-nio-8083-exec-5] [6a05bdcf3edfc69859d81e03306b7dae-f10d186bb1c52b43] o.a.kafka.common.utils.AppInfoParser     : Kafka commitId: 5e9866f43ab8e7e4
2026-05-14T17:49:29.174+05:30  INFO 96015 --- [order-service] [http-nio-8083-exec-5] [6a05bdcf3edfc69859d81e03306b7dae-f10d186bb1c52b43] o.a.kafka.common.utils.AppInfoParser     : Kafka startTimeMs: 1778761169158
2026-05-14T17:49:31.488+05:30  INFO 96015 --- [order-service] [kafka-admin-client-thread | adminclient-1] [                                                 ] o.a.kafka.common.utils.AppInfoParser     : App info kafka.admin.client for adminclient-1 unregistered
2026-05-14T17:49:31.510+05:30  INFO 96015 --- [order-service] [kafka-admin-client-thread | adminclient-1] [                                                 ] o.apache.kafka.common.metrics.Metrics    : Metrics scheduler closed
2026-05-14T17:49:31.511+05:30  INFO 96015 --- [order-service] [kafka-admin-client-thread | adminclient-1] [                                                 ] o.apache.kafka.common.metrics.Metrics    : Closing reporter org.apache.kafka.common.metrics.JmxReporter
2026-05-14T17:49:31.511+05:30  INFO 96015 --- [order-service] [kafka-admin-client-thread | adminclient-1] [                                                 ] o.apache.kafka.common.metrics.Metrics    : Metrics reporters closed
2026-05-14T17:49:31.539+05:30  INFO 96015 --- [order-service] [http-nio-8083-exec-5] [6a05bdcf3edfc69859d81e03306b7dae-f10d186bb1c52b43] o.a.k.clients.producer.ProducerConfig    : Idempotence will be disabled because acks is set to 1, not set to 'all'.
2026-05-14T17:49:31.541+05:30  INFO 96015 --- [order-service] [http-nio-8083-exec-5] [6a05bdcf3edfc69859d81e03306b7dae-f10d186bb1c52b43] o.a.k.clients.producer.ProducerConfig    : ProducerConfig values: 
	acks = 1
	auto.include.jmx.reporter = true
	batch.size = 16384
	bootstrap.servers = [localhost:9092]
	buffer.memory = 33554432
	client.dns.lookup = use_all_dns_ips
	client.id = producer-1
	compression.gzip.level = -1
	compression.lz4.level = 9
	compression.type = none
	compression.zstd.level = 3
	connections.max.idle.ms = 540000
	delivery.timeout.ms = 120000
	enable.idempotence = false
	enable.metrics.push = true
	interceptor.classes = []
	key.serializer = class org.apache.kafka.common.serialization.ByteArraySerializer
	linger.ms = 0
	max.block.ms = 60000
	max.in.flight.requests.per.connection = 5
	max.request.size = 1048576
	metadata.max.age.ms = 300000
	metadata.max.idle.ms = 300000
	metadata.recovery.strategy = none
	metric.reporters = []
	metrics.num.samples = 2
	metrics.recording.level = INFO
	metrics.sample.window.ms = 30000
	partitioner.adaptive.partitioning.enable = true
	partitioner.availability.timeout.ms = 0
	partitioner.class = null
	partitioner.ignore.keys = false
	receive.buffer.bytes = 32768
	reconnect.backoff.max.ms = 1000
	reconnect.backoff.ms = 50
	request.timeout.ms = 30000
	retries = 2147483647
	retry.backoff.max.ms = 1000
	retry.backoff.ms = 100
	sasl.client.callback.handler.class = null
	sasl.jaas.config = null
	sasl.kerberos.kinit.cmd = /usr/bin/kinit
	sasl.kerberos.min.time.before.relogin = 60000
	sasl.kerberos.service.name = null
	sasl.kerberos.ticket.renew.jitter = 0.05
	sasl.kerberos.ticket.renew.window.factor = 0.8
	sasl.login.callback.handler.class = null
	sasl.login.class = null
	sasl.login.connect.timeout.ms = null
	sasl.login.read.timeout.ms = null
	sasl.login.refresh.buffer.seconds = 300
	sasl.login.refresh.min.period.seconds = 60
	sasl.login.refresh.window.factor = 0.8
	sasl.login.refresh.window.jitter = 0.05
	sasl.login.retry.backoff.max.ms = 10000
	sasl.login.retry.backoff.ms = 100
	sasl.mechanism = GSSAPI
	sasl.oauthbearer.clock.skew.seconds = 30
	sasl.oauthbearer.expected.audience = null
	sasl.oauthbearer.expected.issuer = null
	sasl.oauthbearer.header.urlencode = false
	sasl.oauthbearer.jwks.endpoint.refresh.ms = 3600000
	sasl.oauthbearer.jwks.endpoint.retry.backoff.max.ms = 10000
	sasl.oauthbearer.jwks.endpoint.retry.backoff.ms = 100
	sasl.oauthbearer.jwks.endpoint.url = null
	sasl.oauthbearer.scope.claim.name = scope
	sasl.oauthbearer.sub.claim.name = sub
	sasl.oauthbearer.token.endpoint.url = null
	security.protocol = PLAINTEXT
	security.providers = null
	send.buffer.bytes = 131072
	socket.connection.setup.timeout.max.ms = 30000
	socket.connection.setup.timeout.ms = 10000
	ssl.cipher.suites = null
	ssl.enabled.protocols = [TLSv1.2, TLSv1.3]
	ssl.endpoint.identification.algorithm = https
	ssl.engine.factory.class = null
	ssl.key.password = null
	ssl.keymanager.algorithm = SunX509
	ssl.keystore.certificate.chain = null
	ssl.keystore.key = null
	ssl.keystore.location = null
	ssl.keystore.password = null
	ssl.keystore.type = JKS
	ssl.protocol = TLSv1.3
	ssl.provider = null
	ssl.secure.random.implementation = null
	ssl.trustmanager.algorithm = PKIX
	ssl.truststore.certificates = null
	ssl.truststore.location = null
	ssl.truststore.password = null
	ssl.truststore.type = JKS
	transaction.timeout.ms = 60000
	transactional.id = null
	value.serializer = class org.apache.kafka.common.serialization.ByteArraySerializer

2026-05-14T17:49:31.580+05:30  INFO 96015 --- [order-service] [http-nio-8083-exec-5] [6a05bdcf3edfc69859d81e03306b7dae-f10d186bb1c52b43] o.a.k.c.t.i.KafkaMetricsCollector        : initializing Kafka metrics collector
2026-05-14T17:49:31.599+05:30  INFO 96015 --- [order-service] [http-nio-8083-exec-5] [6a05bdcf3edfc69859d81e03306b7dae-f10d186bb1c52b43] o.a.kafka.common.utils.AppInfoParser     : Kafka version: 3.9.2
2026-05-14T17:49:31.599+05:30  INFO 96015 --- [order-service] [http-nio-8083-exec-5] [6a05bdcf3edfc69859d81e03306b7dae-f10d186bb1c52b43] o.a.kafka.common.utils.AppInfoParser     : Kafka commitId: 5e9866f43ab8e7e4
2026-05-14T17:49:31.599+05:30  INFO 96015 --- [order-service] [http-nio-8083-exec-5] [6a05bdcf3edfc69859d81e03306b7dae-f10d186bb1c52b43] o.a.kafka.common.utils.AppInfoParser     : Kafka startTimeMs: 1778761171599
2026-05-14T17:49:31.645+05:30  INFO 96015 --- [order-service] [kafka-producer-network-thread | producer-1] [                                                 ] org.apache.kafka.clients.Metadata        : [Producer clientId=producer-1] Cluster ID: gEQU38wZQaG1l3-6Yiyabg
2026-05-14T17:49:31.669+05:30  INFO 96015 --- [order-service] [http-nio-8083-exec-5] [6a05bdcf3edfc69859d81e03306b7dae-f10d186bb1c52b43] o.s.c.s.m.DirectWithAttributesChannel    : Channel 'order-service.createOrder-out-0' has 1 subscriber(s).
2026-05-14T17:51:32.039+05:30  INFO 96015 --- [order-service] [SpringApplicationShutdownHook] [                                                 ] o.s.c.n.e.s.EurekaServiceRegistry        : Unregistering application ORDER-SERVICE with eureka with status DOWN
2026-05-14T17:51:32.041+05:30  INFO 96015 --- [order-service] [SpringApplicationShutdownHook] [                                                 ] com.netflix.discovery.DiscoveryClient    : Saw local status change event StatusChangeEvent [timestamp=1778761292041, current=DOWN, previous=UP]
2026-05-14T17:51:32.041+05:30  INFO 96015 --- [order-service] [DiscoveryClient-InstanceInfoReplicator-%d] [                                                 ] com.netflix.discovery.DiscoveryClient    : DiscoveryClient_ORDER-SERVICE/192.168.1.50:order-service:8083: registering service...
2026-05-14T17:51:32.071+05:30  INFO 96015 --- [order-service] [SpringApplicationShutdownHook] [                                                 ] o.s.b.w.e.tomcat.GracefulShutdown        : Commencing graceful shutdown. Waiting for active requests to complete
2026-05-14T17:51:32.081+05:30  INFO 96015 --- [order-service] [tomcat-shutdown] [                                                 ] o.s.b.w.e.tomcat.GracefulShutdown        : Graceful shutdown complete
2026-05-14T17:51:32.095+05:30  INFO 96015 --- [order-service] [SpringApplicationShutdownHook] [                                                 ] o.s.i.endpoint.EventDrivenConsumer       : Removing {logging-channel-adapter:_org.springframework.integration.errorLogger} as a subscriber to the 'errorChannel' channel
2026-05-14T17:51:32.096+05:30  INFO 96015 --- [order-service] [SpringApplicationShutdownHook] [                                                 ] o.s.i.channel.PublishSubscribeChannel    : Channel 'order-service.errorChannel' has 0 subscriber(s).
2026-05-14T17:51:32.097+05:30  INFO 96015 --- [order-service] [SpringApplicationShutdownHook] [                                                 ] o.s.i.endpoint.EventDrivenConsumer       : stopped bean '_org.springframework.integration.errorLogger'
2026-05-14T17:51:32.121+05:30  INFO 96015 --- [order-service] [SpringApplicationShutdownHook] [                                                 ] o.a.k.clients.producer.KafkaProducer     : [Producer clientId=producer-1] Closing the Kafka producer with timeoutMillis = 30000 ms.
2026-05-14T17:51:32.139+05:30  INFO 96015 --- [order-service] [SpringApplicationShutdownHook] [                                                 ] o.apache.kafka.common.metrics.Metrics    : Metrics scheduler closed
2026-05-14T17:51:32.139+05:30  INFO 96015 --- [order-service] [SpringApplicationShutdownHook] [                                                 ] o.apache.kafka.common.metrics.Metrics    : Closing reporter org.apache.kafka.common.metrics.JmxReporter
2026-05-14T17:51:32.139+05:30  INFO 96015 --- [order-service] [SpringApplicationShutdownHook] [                                                 ] o.apache.kafka.common.metrics.Metrics    : Closing reporter org.apache.kafka.common.telemetry.internals.ClientTelemetryReporter
2026-05-14T17:51:32.140+05:30  INFO 96015 --- [order-service] [SpringApplicationShutdownHook] [                                                 ] o.apache.kafka.common.metrics.Metrics    : Metrics reporters closed
2026-05-14T17:51:32.141+05:30  INFO 96015 --- [order-service] [SpringApplicationShutdownHook] [                                                 ] o.a.kafka.common.utils.AppInfoParser     : App info kafka.producer for producer-1 unregistered
2026-05-14T17:51:32.163+05:30  INFO 96015 --- [order-service] [SpringApplicationShutdownHook] [                                                 ] j.LocalContainerEntityManagerFactoryBean : Closing JPA EntityManagerFactory for persistence unit 'default'
2026-05-14T17:51:32.172+05:30  INFO 96015 --- [order-service] [SpringApplicationShutdownHook] [                                                 ] com.zaxxer.hikari.HikariDataSource       : HikariPool-1 - Shutdown initiated...
2026-05-14T17:51:32.174+05:30  INFO 96015 --- [order-service] [DiscoveryClient-InstanceInfoReplicator-%d] [                                                 ] com.netflix.discovery.DiscoveryClient    : DiscoveryClient_ORDER-SERVICE/192.168.1.50:order-service:8083 - registration status: 204
2026-05-14T17:51:32.176+05:30  INFO 96015 --- [order-service] [SpringApplicationShutdownHook] [                                                 ] com.zaxxer.hikari.HikariDataSource       : HikariPool-1 - Shutdown completed.
2026-05-14T17:51:32.816+05:30  INFO 96015 --- [order-service] [SpringApplicationShutdownHook] [                                                 ] com.netflix.discovery.DiscoveryClient    : Shutting down DiscoveryClient ...
2026-05-14T17:51:35.822+05:30  INFO 96015 --- [order-service] [SpringApplicationShutdownHook] [                                                 ] com.netflix.discovery.DiscoveryClient    : Unregistering ...
2026-05-14T17:51:35.902+05:30  INFO 96015 --- [order-service] [SpringApplicationShutdownHook] [                                                 ] c.n.d.s.t.d.RedirectingEurekaHttpClient  : Request execution error. endpoint=DefaultEndpoint{ serviceUrl='http://localhost:8761/eureka/} exception=I/O error on DELETE request for "http://localhost:8761/eureka/apps/ORDER-SERVICE/192.168.1.50:order-service:8083": Connect to http://localhost:8761 failed: Connection refused

org.springframework.web.client.ResourceAccessException: I/O error on DELETE request for "http://localhost:8761/eureka/apps/ORDER-SERVICE/192.168.1.50:order-service:8083": Connect to http://localhost:8761 failed: Connection refused
	at org.springframework.web.client.RestTemplate.createResourceAccessException(RestTemplate.java:926) ~[spring-web-6.2.18.jar:6.2.18]
	at org.springframework.web.client.RestTemplate.doExecute(RestTemplate.java:906) ~[spring-web-6.2.18.jar:6.2.18]
	at org.springframework.web.client.RestTemplate.execute(RestTemplate.java:841) ~[spring-web-6.2.18.jar:6.2.18]
	at org.springframework.web.client.RestTemplate.exchange(RestTemplate.java:702) ~[spring-web-6.2.18.jar:6.2.18]
	at org.springframework.cloud.netflix.eureka.http.RestTemplateEurekaHttpClient.cancel(RestTemplateEurekaHttpClient.java:100) ~[spring-cloud-netflix-eureka-client-4.3.2.jar:4.3.2]
	at com.netflix.discovery.shared.transport.decorator.EurekaHttpClientDecorator$2.execute(EurekaHttpClientDecorator.java:74) ~[eureka-client-2.0.6.jar:2.0.6]
	at com.netflix.discovery.shared.transport.decorator.RedirectingEurekaHttpClient.execute(RedirectingEurekaHttpClient.java:90) ~[eureka-client-2.0.6.jar:2.0.6]
	at com.netflix.discovery.shared.transport.decorator.EurekaHttpClientDecorator.cancel(EurekaHttpClientDecorator.java:71) ~[eureka-client-2.0.6.jar:2.0.6]
	at com.netflix.discovery.shared.transport.decorator.EurekaHttpClientDecorator$2.execute(EurekaHttpClientDecorator.java:74) ~[eureka-client-2.0.6.jar:2.0.6]
	at com.netflix.discovery.shared.transport.decorator.RetryableEurekaHttpClient.execute(RetryableEurekaHttpClient.java:120) ~[eureka-client-2.0.6.jar:2.0.6]
	at com.netflix.discovery.shared.transport.decorator.EurekaHttpClientDecorator.cancel(EurekaHttpClientDecorator.java:71) ~[eureka-client-2.0.6.jar:2.0.6]
	at com.netflix.discovery.shared.transport.decorator.EurekaHttpClientDecorator$2.execute(EurekaHttpClientDecorator.java:74) ~[eureka-client-2.0.6.jar:2.0.6]
	at com.netflix.discovery.shared.transport.decorator.SessionedEurekaHttpClient.execute(SessionedEurekaHttpClient.java:76) ~[eureka-client-2.0.6.jar:2.0.6]
	at com.netflix.discovery.shared.transport.decorator.EurekaHttpClientDecorator.cancel(EurekaHttpClientDecorator.java:71) ~[eureka-client-2.0.6.jar:2.0.6]
	at com.netflix.discovery.DiscoveryClient.unregister(DiscoveryClient.java:934) ~[eureka-client-2.0.6.jar:2.0.6]
	at com.netflix.discovery.DiscoveryClient.shutdown(DiscoveryClient.java:915) ~[eureka-client-2.0.6.jar:2.0.6]
	at java.base/jdk.internal.reflect.DirectMethodHandleAccessor.invoke(DirectMethodHandleAccessor.java:103) ~[na:na]
	at java.base/java.lang.reflect.Method.invoke(Method.java:580) ~[na:na]
	at org.springframework.beans.factory.annotation.InitDestroyAnnotationBeanPostProcessor$LifecycleMethod.invoke(InitDestroyAnnotationBeanPostProcessor.java:457) ~[spring-beans-6.2.18.jar:6.2.18]
	at org.springframework.beans.factory.annotation.InitDestroyAnnotationBeanPostProcessor$LifecycleMetadata.invokeDestroyMethods(InitDestroyAnnotationBeanPostProcessor.java:415) ~[spring-beans-6.2.18.jar:6.2.18]
	at org.springframework.beans.factory.annotation.InitDestroyAnnotationBeanPostProcessor.postProcessBeforeDestruction(InitDestroyAnnotationBeanPostProcessor.java:239) ~[spring-beans-6.2.18.jar:6.2.18]
	at org.springframework.beans.factory.support.DisposableBeanAdapter.destroy(DisposableBeanAdapter.java:203) ~[spring-beans-6.2.18.jar:6.2.18]
	at org.springframework.beans.factory.support.DisposableBeanAdapter.run(DisposableBeanAdapter.java:196) ~[spring-beans-6.2.18.jar:6.2.18]
	at org.springframework.cloud.context.scope.GenericScope$BeanLifecycleWrapper.destroy(GenericScope.java:387) ~[spring-cloud-context-4.3.2.jar:4.3.2]
	at org.springframework.cloud.context.scope.GenericScope.destroy(GenericScope.java:134) ~[spring-cloud-context-4.3.2.jar:4.3.2]
	at org.springframework.beans.factory.support.DisposableBeanAdapter.destroy(DisposableBeanAdapter.java:212) ~[spring-beans-6.2.18.jar:6.2.18]
	at org.springframework.beans.factory.support.DefaultSingletonBeanRegistry.destroyBean(DefaultSingletonBeanRegistry.java:798) ~[spring-beans-6.2.18.jar:6.2.18]
	at org.springframework.beans.factory.support.DefaultSingletonBeanRegistry.destroySingleton(DefaultSingletonBeanRegistry.java:748) ~[spring-beans-6.2.18.jar:6.2.18]
	at org.springframework.beans.factory.support.DefaultListableBeanFactory.destroySingleton(DefaultListableBeanFactory.java:1499) ~[spring-beans-6.2.18.jar:6.2.18]
	at org.springframework.beans.factory.support.DefaultSingletonBeanRegistry.destroySingletons(DefaultSingletonBeanRegistry.java:707) ~[spring-beans-6.2.18.jar:6.2.18]
	at org.springframework.beans.factory.support.DefaultListableBeanFactory.destroySingletons(DefaultListableBeanFactory.java:1492) ~[spring-beans-6.2.18.jar:6.2.18]
	at org.springframework.context.support.AbstractApplicationContext.destroyBeans(AbstractApplicationContext.java:1243) ~[spring-context-6.2.18.jar:6.2.18]
	at org.springframework.context.support.AbstractApplicationContext.doClose(AbstractApplicationContext.java:1204) ~[spring-context-6.2.18.jar:6.2.18]
	at org.springframework.boot.web.servlet.context.ServletWebServerApplicationContext.doClose(ServletWebServerApplicationContext.java:179) ~[spring-boot-3.5.14.jar:3.5.14]
	at org.springframework.context.support.AbstractApplicationContext.close(AbstractApplicationContext.java:1150) ~[spring-context-6.2.18.jar:6.2.18]
	at org.springframework.boot.SpringApplicationShutdownHook.closeAndWait(SpringApplicationShutdownHook.java:147) ~[spring-boot-3.5.14.jar:3.5.14]
	at java.base/java.lang.Iterable.forEach(Iterable.java:75) ~[na:na]
	at org.springframework.boot.SpringApplicationShutdownHook.run(SpringApplicationShutdownHook.java:116) ~[spring-boot-3.5.14.jar:3.5.14]
	at java.base/java.lang.Thread.run(Thread.java:1575) ~[na:na]
Caused by: org.apache.hc.client5.http.HttpHostConnectException: Connect to http://localhost:8761 failed: Connection refused
	at java.base/sun.nio.ch.Net.pollConnect(Native Method) ~[na:na]
	at java.base/sun.nio.ch.Net.pollConnectNow(Net.java:682) ~[na:na]
	at java.base/sun.nio.ch.NioSocketImpl.timedFinishConnect(NioSocketImpl.java:549) ~[na:na]
	at java.base/sun.nio.ch.NioSocketImpl.connect(NioSocketImpl.java:592) ~[na:na]
	at java.base/java.net.SocksSocketImpl.connect(SocksSocketImpl.java:327) ~[na:na]
	at java.base/java.net.Socket.connect(Socket.java:760) ~[na:na]
	at org.apache.hc.client5.http.impl.io.DefaultHttpClientConnectionOperator.connect(DefaultHttpClientConnectionOperator.java:226) ~[httpclient5-5.5.2.jar:5.5.2]
	at org.apache.hc.client5.http.impl.io.PoolingHttpClientConnectionManager.connect(PoolingHttpClientConnectionManager.java:497) ~[httpclient5-5.5.2.jar:5.5.2]
	at org.apache.hc.client5.http.impl.classic.InternalExecRuntime.connectEndpoint(InternalExecRuntime.java:164) ~[httpclient5-5.5.2.jar:5.5.2]
	at org.apache.hc.client5.http.impl.classic.InternalExecRuntime.connectEndpoint(InternalExecRuntime.java:174) ~[httpclient5-5.5.2.jar:5.5.2]
	at org.apache.hc.client5.http.impl.classic.ConnectExec.execute(ConnectExec.java:144) ~[httpclient5-5.5.2.jar:5.5.2]
	at org.apache.hc.client5.http.impl.classic.ExecChainElement.execute(ExecChainElement.java:51) ~[httpclient5-5.5.2.jar:5.5.2]
	at org.apache.hc.client5.http.impl.classic.ProtocolExec.execute(ProtocolExec.java:195) ~[httpclient5-5.5.2.jar:5.5.2]
	at org.apache.hc.client5.http.impl.classic.ExecChainElement.execute(ExecChainElement.java:51) ~[httpclient5-5.5.2.jar:5.5.2]
	at org.apache.hc.client5.http.impl.classic.ContentCompressionExec.execute(ContentCompressionExec.java:168) ~[httpclient5-5.5.2.jar:5.5.2]
	at org.apache.hc.client5.http.impl.classic.ExecChainElement.execute(ExecChainElement.java:51) ~[httpclient5-5.5.2.jar:5.5.2]
	at org.apache.hc.client5.http.impl.classic.HttpRequestRetryExec.execute(HttpRequestRetryExec.java:112) ~[httpclient5-5.5.2.jar:5.5.2]
	at org.apache.hc.client5.http.impl.classic.ExecChainElement.execute(ExecChainElement.java:51) ~[httpclient5-5.5.2.jar:5.5.2]
	at org.apache.hc.client5.http.impl.classic.RedirectExec.execute(RedirectExec.java:110) ~[httpclient5-5.5.2.jar:5.5.2]
	at org.apache.hc.client5.http.impl.classic.ExecChainElement.execute(ExecChainElement.java:51) ~[httpclient5-5.5.2.jar:5.5.2]
	at org.apache.hc.client5.http.impl.classic.InternalHttpClient.doExecute(InternalHttpClient.java:185) ~[httpclient5-5.5.2.jar:5.5.2]
	at org.apache.hc.client5.http.impl.classic.CloseableHttpClient.execute(CloseableHttpClient.java:87) ~[httpclient5-5.5.2.jar:5.5.2]
	at org.apache.hc.client5.http.impl.classic.CloseableHttpClient.execute(CloseableHttpClient.java:55) ~[httpclient5-5.5.2.jar:5.5.2]
	at org.apache.hc.client5.http.classic.HttpClient.executeOpen(HttpClient.java:183) ~[httpclient5-5.5.2.jar:5.5.2]
	at org.springframework.http.client.HttpComponentsClientHttpRequest.executeInternal(HttpComponentsClientHttpRequest.java:99) ~[spring-web-6.2.18.jar:6.2.18]
	at org.springframework.http.client.AbstractStreamingClientHttpRequest.executeInternal(AbstractStreamingClientHttpRequest.java:88) ~[spring-web-6.2.18.jar:6.2.18]
	at org.springframework.http.client.AbstractClientHttpRequest.execute(AbstractClientHttpRequest.java:81) ~[spring-web-6.2.18.jar:6.2.18]
	at org.springframework.http.client.InterceptingClientHttpRequest$InterceptingRequestExecution.execute(InterceptingClientHttpRequest.java:117) ~[spring-web-6.2.18.jar:6.2.18]
	at org.springframework.cloud.netflix.eureka.http.RestTemplateTransportClientFactory.lambda$restTemplate$2(RestTemplateTransportClientFactory.java:145) ~[spring-cloud-netflix-eureka-client-4.3.2.jar:4.3.2]
	at org.springframework.http.client.InterceptingClientHttpRequest$InterceptingRequestExecution.execute(InterceptingClientHttpRequest.java:88) ~[spring-web-6.2.18.jar:6.2.18]
	at org.springframework.http.client.InterceptingClientHttpRequest.executeInternal(InterceptingClientHttpRequest.java:72) ~[spring-web-6.2.18.jar:6.2.18]
	at org.springframework.http.client.AbstractBufferingClientHttpRequest.executeInternal(AbstractBufferingClientHttpRequest.java:48) ~[spring-web-6.2.18.jar:6.2.18]
	at org.springframework.http.client.AbstractClientHttpRequest.execute(AbstractClientHttpRequest.java:81) ~[spring-web-6.2.18.jar:6.2.18]
	at org.springframework.web.client.RestTemplate.doExecute(RestTemplate.java:900) ~[spring-web-6.2.18.jar:6.2.18]
	... 37 common frames omitted

2026-05-14T17:51:35.976+05:30  WARN 96015 --- [order-service] [SpringApplicationShutdownHook] [                                                 ] c.n.d.s.t.d.RetryableEurekaHttpClient    : Request execution failed with message: I/O error on DELETE request for "http://localhost:8761/eureka/apps/ORDER-SERVICE/192.168.1.50:order-service:8083": Connect to http://localhost:8761 failed: Connection refused
2026-05-14T17:51:36.025+05:30  INFO 96015 --- [order-service] [SpringApplicationShutdownHook] [                                                 ] c.n.d.s.t.d.RedirectingEurekaHttpClient  : Request execution error. endpoint=DefaultEndpoint{ serviceUrl='http://localhost:8761/eureka/}, exception=I/O error on DELETE request for "http://localhost:8761/eureka/apps/ORDER-SERVICE/192.168.1.50:order-service:8083": Connect to http://localhost:8761 failed: Connection refused

org.springframework.web.client.ResourceAccessException: I/O error on DELETE request for "http://localhost:8761/eureka/apps/ORDER-SERVICE/192.168.1.50:order-service:8083": Connect to http://localhost:8761 failed: Connection refused
	at org.springframework.web.client.RestTemplate.createResourceAccessException(RestTemplate.java:926) ~[spring-web-6.2.18.jar:6.2.18]
	at org.springframework.web.client.RestTemplate.doExecute(RestTemplate.java:906) ~[spring-web-6.2.18.jar:6.2.18]
	at org.springframework.web.client.RestTemplate.execute(RestTemplate.java:841) ~[spring-web-6.2.18.jar:6.2.18]
	at org.springframework.web.client.RestTemplate.exchange(RestTemplate.java:702) ~[spring-web-6.2.18.jar:6.2.18]
	at org.springframework.cloud.netflix.eureka.http.RestTemplateEurekaHttpClient.cancel(RestTemplateEurekaHttpClient.java:100) ~[spring-cloud-netflix-eureka-client-4.3.2.jar:4.3.2]
	at com.netflix.discovery.shared.transport.decorator.EurekaHttpClientDecorator$2.execute(EurekaHttpClientDecorator.java:74) ~[eureka-client-2.0.6.jar:2.0.6]
	at com.netflix.discovery.shared.transport.decorator.RedirectingEurekaHttpClient.executeOnNewServer(RedirectingEurekaHttpClient.java:120) ~[eureka-client-2.0.6.jar:2.0.6]
	at com.netflix.discovery.shared.transport.decorator.RedirectingEurekaHttpClient.execute(RedirectingEurekaHttpClient.java:79) ~[eureka-client-2.0.6.jar:2.0.6]
	at com.netflix.discovery.shared.transport.decorator.EurekaHttpClientDecorator.cancel(EurekaHttpClientDecorator.java:71) ~[eureka-client-2.0.6.jar:2.0.6]
	at com.netflix.discovery.shared.transport.decorator.EurekaHttpClientDecorator$2.execute(EurekaHttpClientDecorator.java:74) ~[eureka-client-2.0.6.jar:2.0.6]
	at com.netflix.discovery.shared.transport.decorator.RetryableEurekaHttpClient.execute(RetryableEurekaHttpClient.java:120) ~[eureka-client-2.0.6.jar:2.0.6]
	at com.netflix.discovery.shared.transport.decorator.EurekaHttpClientDecorator.cancel(EurekaHttpClientDecorator.java:71) ~[eureka-client-2.0.6.jar:2.0.6]
	at com.netflix.discovery.shared.transport.decorator.EurekaHttpClientDecorator$2.execute(EurekaHttpClientDecorator.java:74) ~[eureka-client-2.0.6.jar:2.0.6]
	at com.netflix.discovery.shared.transport.decorator.SessionedEurekaHttpClient.execute(SessionedEurekaHttpClient.java:76) ~[eureka-client-2.0.6.jar:2.0.6]
	at com.netflix.discovery.shared.transport.decorator.EurekaHttpClientDecorator.cancel(EurekaHttpClientDecorator.java:71) ~[eureka-client-2.0.6.jar:2.0.6]
	at com.netflix.discovery.DiscoveryClient.unregister(DiscoveryClient.java:934) ~[eureka-client-2.0.6.jar:2.0.6]
	at com.netflix.discovery.DiscoveryClient.shutdown(DiscoveryClient.java:915) ~[eureka-client-2.0.6.jar:2.0.6]
	at java.base/jdk.internal.reflect.DirectMethodHandleAccessor.invoke(DirectMethodHandleAccessor.java:103) ~[na:na]
	at java.base/java.lang.reflect.Method.invoke(Method.java:580) ~[na:na]
	at org.springframework.beans.factory.annotation.InitDestroyAnnotationBeanPostProcessor$LifecycleMethod.invoke(InitDestroyAnnotationBeanPostProcessor.java:457) ~[spring-beans-6.2.18.jar:6.2.18]
	at org.springframework.beans.factory.annotation.InitDestroyAnnotationBeanPostProcessor$LifecycleMetadata.invokeDestroyMethods(InitDestroyAnnotationBeanPostProcessor.java:415) ~[spring-beans-6.2.18.jar:6.2.18]
	at org.springframework.beans.factory.annotation.InitDestroyAnnotationBeanPostProcessor.postProcessBeforeDestruction(InitDestroyAnnotationBeanPostProcessor.java:239) ~[spring-beans-6.2.18.jar:6.2.18]
	at org.springframework.beans.factory.support.DisposableBeanAdapter.destroy(DisposableBeanAdapter.java:203) ~[spring-beans-6.2.18.jar:6.2.18]
	at org.springframework.beans.factory.support.DisposableBeanAdapter.run(DisposableBeanAdapter.java:196) ~[spring-beans-6.2.18.jar:6.2.18]
	at org.springframework.cloud.context.scope.GenericScope$BeanLifecycleWrapper.destroy(GenericScope.java:387) ~[spring-cloud-context-4.3.2.jar:4.3.2]
	at org.springframework.cloud.context.scope.GenericScope.destroy(GenericScope.java:134) ~[spring-cloud-context-4.3.2.jar:4.3.2]
	at org.springframework.beans.factory.support.DisposableBeanAdapter.destroy(DisposableBeanAdapter.java:212) ~[spring-beans-6.2.18.jar:6.2.18]
	at org.springframework.beans.factory.support.DefaultSingletonBeanRegistry.destroyBean(DefaultSingletonBeanRegistry.java:798) ~[spring-beans-6.2.18.jar:6.2.18]
	at org.springframework.beans.factory.support.DefaultSingletonBeanRegistry.destroySingleton(DefaultSingletonBeanRegistry.java:748) ~[spring-beans-6.2.18.jar:6.2.18]
	at org.springframework.beans.factory.support.DefaultListableBeanFactory.destroySingleton(DefaultListableBeanFactory.java:1499) ~[spring-beans-6.2.18.jar:6.2.18]
	at org.springframework.beans.factory.support.DefaultSingletonBeanRegistry.destroySingletons(DefaultSingletonBeanRegistry.java:707) ~[spring-beans-6.2.18.jar:6.2.18]
	at org.springframework.beans.factory.support.DefaultListableBeanFactory.destroySingletons(DefaultListableBeanFactory.java:1492) ~[spring-beans-6.2.18.jar:6.2.18]
	at org.springframework.context.support.AbstractApplicationContext.destroyBeans(AbstractApplicationContext.java:1243) ~[spring-context-6.2.18.jar:6.2.18]
	at org.springframework.context.support.AbstractApplicationContext.doClose(AbstractApplicationContext.java:1204) ~[spring-context-6.2.18.jar:6.2.18]
	at org.springframework.boot.web.servlet.context.ServletWebServerApplicationContext.doClose(ServletWebServerApplicationContext.java:179) ~[spring-boot-3.5.14.jar:3.5.14]
	at org.springframework.context.support.AbstractApplicationContext.close(AbstractApplicationContext.java:1150) ~[spring-context-6.2.18.jar:6.2.18]
	at org.springframework.boot.SpringApplicationShutdownHook.closeAndWait(SpringApplicationShutdownHook.java:147) ~[spring-boot-3.5.14.jar:3.5.14]
	at java.base/java.lang.Iterable.forEach(Iterable.java:75) ~[na:na]
	at org.springframework.boot.SpringApplicationShutdownHook.run(SpringApplicationShutdownHook.java:116) ~[spring-boot-3.5.14.jar:3.5.14]
	at java.base/java.lang.Thread.run(Thread.java:1575) ~[na:na]
Caused by: org.apache.hc.client5.http.HttpHostConnectException: Connect to http://localhost:8761 failed: Connection refused
	at java.base/sun.nio.ch.Net.pollConnect(Native Method) ~[na:na]
	at java.base/sun.nio.ch.Net.pollConnectNow(Net.java:682) ~[na:na]
	at java.base/sun.nio.ch.NioSocketImpl.timedFinishConnect(NioSocketImpl.java:549) ~[na:na]
	at java.base/sun.nio.ch.NioSocketImpl.connect(NioSocketImpl.java:592) ~[na:na]
	at java.base/java.net.SocksSocketImpl.connect(SocksSocketImpl.java:327) ~[na:na]
	at java.base/java.net.Socket.connect(Socket.java:760) ~[na:na]
	at org.apache.hc.client5.http.impl.io.DefaultHttpClientConnectionOperator.connect(DefaultHttpClientConnectionOperator.java:226) ~[httpclient5-5.5.2.jar:5.5.2]
	at org.apache.hc.client5.http.impl.io.PoolingHttpClientConnectionManager.connect(PoolingHttpClientConnectionManager.java:497) ~[httpclient5-5.5.2.jar:5.5.2]
	at org.apache.hc.client5.http.impl.classic.InternalExecRuntime.connectEndpoint(InternalExecRuntime.java:164) ~[httpclient5-5.5.2.jar:5.5.2]
	at org.apache.hc.client5.http.impl.classic.InternalExecRuntime.connectEndpoint(InternalExecRuntime.java:174) ~[httpclient5-5.5.2.jar:5.5.2]
	at org.apache.hc.client5.http.impl.classic.ConnectExec.execute(ConnectExec.java:144) ~[httpclient5-5.5.2.jar:5.5.2]
	at org.apache.hc.client5.http.impl.classic.ExecChainElement.execute(ExecChainElement.java:51) ~[httpclient5-5.5.2.jar:5.5.2]
	at org.apache.hc.client5.http.impl.classic.ProtocolExec.execute(ProtocolExec.java:195) ~[httpclient5-5.5.2.jar:5.5.2]
	at org.apache.hc.client5.http.impl.classic.ExecChainElement.execute(ExecChainElement.java:51) ~[httpclient5-5.5.2.jar:5.5.2]
	at org.apache.hc.client5.http.impl.classic.ContentCompressionExec.execute(ContentCompressionExec.java:168) ~[httpclient5-5.5.2.jar:5.5.2]
	at org.apache.hc.client5.http.impl.classic.ExecChainElement.execute(ExecChainElement.java:51) ~[httpclient5-5.5.2.jar:5.5.2]
	at org.apache.hc.client5.http.impl.classic.HttpRequestRetryExec.execute(HttpRequestRetryExec.java:112) ~[httpclient5-5.5.2.jar:5.5.2]
	at org.apache.hc.client5.http.impl.classic.ExecChainElement.execute(ExecChainElement.java:51) ~[httpclient5-5.5.2.jar:5.5.2]
	at org.apache.hc.client5.http.impl.classic.RedirectExec.execute(RedirectExec.java:110) ~[httpclient5-5.5.2.jar:5.5.2]
	at org.apache.hc.client5.http.impl.classic.ExecChainElement.execute(ExecChainElement.java:51) ~[httpclient5-5.5.2.jar:5.5.2]
	at org.apache.hc.client5.http.impl.classic.InternalHttpClient.doExecute(InternalHttpClient.java:185) ~[httpclient5-5.5.2.jar:5.5.2]
	at org.apache.hc.client5.http.impl.classic.CloseableHttpClient.execute(CloseableHttpClient.java:87) ~[httpclient5-5.5.2.jar:5.5.2]
	at org.apache.hc.client5.http.impl.classic.CloseableHttpClient.execute(CloseableHttpClient.java:55) ~[httpclient5-5.5.2.jar:5.5.2]
	at org.apache.hc.client5.http.classic.HttpClient.executeOpen(HttpClient.java:183) ~[httpclient5-5.5.2.jar:5.5.2]
	at org.springframework.http.client.HttpComponentsClientHttpRequest.executeInternal(HttpComponentsClientHttpRequest.java:99) ~[spring-web-6.2.18.jar:6.2.18]
	at org.springframework.http.client.AbstractStreamingClientHttpRequest.executeInternal(AbstractStreamingClientHttpRequest.java:88) ~[spring-web-6.2.18.jar:6.2.18]
	at org.springframework.http.client.AbstractClientHttpRequest.execute(AbstractClientHttpRequest.java:81) ~[spring-web-6.2.18.jar:6.2.18]
	at org.springframework.http.client.InterceptingClientHttpRequest$InterceptingRequestExecution.execute(InterceptingClientHttpRequest.java:117) ~[spring-web-6.2.18.jar:6.2.18]
	at org.springframework.cloud.netflix.eureka.http.RestTemplateTransportClientFactory.lambda$restTemplate$2(RestTemplateTransportClientFactory.java:145) ~[spring-cloud-netflix-eureka-client-4.3.2.jar:4.3.2]
	at org.springframework.http.client.InterceptingClientHttpRequest$InterceptingRequestExecution.execute(InterceptingClientHttpRequest.java:88) ~[spring-web-6.2.18.jar:6.2.18]
	at org.springframework.http.client.InterceptingClientHttpRequest.executeInternal(InterceptingClientHttpRequest.java:72) ~[spring-web-6.2.18.jar:6.2.18]
	at org.springframework.http.client.AbstractBufferingClientHttpRequest.executeInternal(AbstractBufferingClientHttpRequest.java:48) ~[spring-web-6.2.18.jar:6.2.18]
	at org.springframework.http.client.AbstractClientHttpRequest.execute(AbstractClientHttpRequest.java:81) ~[spring-web-6.2.18.jar:6.2.18]
	at org.springframework.web.client.RestTemplate.doExecute(RestTemplate.java:900) ~[spring-web-6.2.18.jar:6.2.18]
	... 38 common frames omitted

2026-05-14T17:51:36.034+05:30  WARN 96015 --- [order-service] [SpringApplicationShutdownHook] [                                                 ] c.n.d.s.t.d.RetryableEurekaHttpClient    : Request execution failed with message: I/O error on DELETE request for "http://localhost:8761/eureka/apps/ORDER-SERVICE/192.168.1.50:order-service:8083": Connect to http://localhost:8761 failed: Connection refused
2026-05-14T17:51:36.034+05:30 ERROR 96015 --- [order-service] [SpringApplicationShutdownHook] [                                                 ] com.netflix.discovery.DiscoveryClient    : DiscoveryClient_ORDER-SERVICE/192.168.1.50:order-service:8083 - de-registration failedCannot execute request on any known server

com.netflix.discovery.shared.transport.TransportException: Cannot execute request on any known server
	at com.netflix.discovery.shared.transport.decorator.RetryableEurekaHttpClient.execute(RetryableEurekaHttpClient.java:112) ~[eureka-client-2.0.6.jar:2.0.6]
	at com.netflix.discovery.shared.transport.decorator.EurekaHttpClientDecorator.cancel(EurekaHttpClientDecorator.java:71) ~[eureka-client-2.0.6.jar:2.0.6]
	at com.netflix.discovery.shared.transport.decorator.EurekaHttpClientDecorator$2.execute(EurekaHttpClientDecorator.java:74) ~[eureka-client-2.0.6.jar:2.0.6]
	at com.netflix.discovery.shared.transport.decorator.SessionedEurekaHttpClient.execute(SessionedEurekaHttpClient.java:76) ~[eureka-client-2.0.6.jar:2.0.6]
	at com.netflix.discovery.shared.transport.decorator.EurekaHttpClientDecorator.cancel(EurekaHttpClientDecorator.java:71) ~[eureka-client-2.0.6.jar:2.0.6]
	at com.netflix.discovery.DiscoveryClient.unregister(DiscoveryClient.java:934) ~[eureka-client-2.0.6.jar:2.0.6]
	at com.netflix.discovery.DiscoveryClient.shutdown(DiscoveryClient.java:915) ~[eureka-client-2.0.6.jar:2.0.6]
	at java.base/jdk.internal.reflect.DirectMethodHandleAccessor.invoke(DirectMethodHandleAccessor.java:103) ~[na:na]
	at java.base/java.lang.reflect.Method.invoke(Method.java:580) ~[na:na]
	at org.springframework.beans.factory.annotation.InitDestroyAnnotationBeanPostProcessor$LifecycleMethod.invoke(InitDestroyAnnotationBeanPostProcessor.java:457) ~[spring-beans-6.2.18.jar:6.2.18]
	at org.springframework.beans.factory.annotation.InitDestroyAnnotationBeanPostProcessor$LifecycleMetadata.invokeDestroyMethods(InitDestroyAnnotationBeanPostProcessor.java:415) ~[spring-beans-6.2.18.jar:6.2.18]
	at org.springframework.beans.factory.annotation.InitDestroyAnnotationBeanPostProcessor.postProcessBeforeDestruction(InitDestroyAnnotationBeanPostProcessor.java:239) ~[spring-beans-6.2.18.jar:6.2.18]
	at org.springframework.beans.factory.support.DisposableBeanAdapter.destroy(DisposableBeanAdapter.java:203) ~[spring-beans-6.2.18.jar:6.2.18]
	at org.springframework.beans.factory.support.DisposableBeanAdapter.run(DisposableBeanAdapter.java:196) ~[spring-beans-6.2.18.jar:6.2.18]
	at org.springframework.cloud.context.scope.GenericScope$BeanLifecycleWrapper.destroy(GenericScope.java:387) ~[spring-cloud-context-4.3.2.jar:4.3.2]
	at org.springframework.cloud.context.scope.GenericScope.destroy(GenericScope.java:134) ~[spring-cloud-context-4.3.2.jar:4.3.2]
	at org.springframework.beans.factory.support.DisposableBeanAdapter.destroy(DisposableBeanAdapter.java:212) ~[spring-beans-6.2.18.jar:6.2.18]
	at org.springframework.beans.factory.support.DefaultSingletonBeanRegistry.destroyBean(DefaultSingletonBeanRegistry.java:798) ~[spring-beans-6.2.18.jar:6.2.18]
	at org.springframework.beans.factory.support.DefaultSingletonBeanRegistry.destroySingleton(DefaultSingletonBeanRegistry.java:748) ~[spring-beans-6.2.18.jar:6.2.18]
	at org.springframework.beans.factory.support.DefaultListableBeanFactory.destroySingleton(DefaultListableBeanFactory.java:1499) ~[spring-beans-6.2.18.jar:6.2.18]
	at org.springframework.beans.factory.support.DefaultSingletonBeanRegistry.destroySingletons(DefaultSingletonBeanRegistry.java:707) ~[spring-beans-6.2.18.jar:6.2.18]
	at org.springframework.beans.factory.support.DefaultListableBeanFactory.destroySingletons(DefaultListableBeanFactory.java:1492) ~[spring-beans-6.2.18.jar:6.2.18]
	at org.springframework.context.support.AbstractApplicationContext.destroyBeans(AbstractApplicationContext.java:1243) ~[spring-context-6.2.18.jar:6.2.18]
	at org.springframework.context.support.AbstractApplicationContext.doClose(AbstractApplicationContext.java:1204) ~[spring-context-6.2.18.jar:6.2.18]
	at org.springframework.boot.web.servlet.context.ServletWebServerApplicationContext.doClose(ServletWebServerApplicationContext.java:179) ~[spring-boot-3.5.14.jar:3.5.14]
	at org.springframework.context.support.AbstractApplicationContext.close(AbstractApplicationContext.java:1150) ~[spring-context-6.2.18.jar:6.2.18]
	at org.springframework.boot.SpringApplicationShutdownHook.closeAndWait(SpringApplicationShutdownHook.java:147) ~[spring-boot-3.5.14.jar:3.5.14]
	at java.base/java.lang.Iterable.forEach(Iterable.java:75) ~[na:na]
	at org.springframework.boot.SpringApplicationShutdownHook.run(SpringApplicationShutdownHook.java:116) ~[spring-boot-3.5.14.jar:3.5.14]
	at java.base/java.lang.Thread.run(Thread.java:1575) ~[na:na]

2026-05-14T17:51:36.041+05:30  INFO 96015 --- [order-service] [SpringApplicationShutdownHook] [                                                 ] com.netflix.discovery.DiscoveryClient    : Completed shut down of DiscoveryClient
